V1,V2,V3,V4
37,0,27,0
10,17,11,20
25,14,21,13
16,0,13,0
109,63,72,46
61,50,37,44
18,21,8,10
2,47,2,43
30,27,33,28
133,163,99,103
114,12,104,15
63,0,51,1
139,152,97,105
26,0,29,0
87,93,69,61
83,118,53,90
136,94,105,70
44,34,29,24
386,82,300,73
403,503,344,374
48,0,31,0
224,90,141,69
103,64,88,35
47,34,32,21
35,70,34,46
4,88,6,71
272,381,221,270
20,0,22,0
0,206,0,154
64,27,58,24
9,1,10,1
240,130,165,100
11,39,9,37
21,45,24,46
18,0,20,0
20,68,19,62
20,0,18,0
78,13,66,5
196,167,159,125
68,100,52,93
22,0,18,0
31,24,24,27
158,100,125,72
79,0,69,1
224,386,171,302
85,45,56,36
171,308,154,255
22,12,12,5
973,944,786,690
20,54,15,41
71,0,61,0
2,661,4,502
10,11,11,6
225,162,189,136
104,100,79,95
25,12,12,10
7,59,6,47
81,105,74,88
11,4,11,6
9,3,4,0
40,2,36,0
28,0,16,1
19,0,13,0
48,51,27,28
11,65,8,62
30,1,23,0
35,4,23,1
48,0,47,2
95,30,72,23
65,44,45,37
45,49,30,42
40,20,23,14
143,165,119,110
18,22,26,18
44,0,26,2
491,707,408,500
19,20,19,6
49,29,31,23
19,7,16,3
17,10,7,10
97,0,84,0
17,19,8,21
80,6,50,3
250,170,170,136
721,681,599,505
12,0,15,0
247,142,171,115
85,88,74,60
49,81,36,59
16,25,13,18
2,22,4,26
55,53,58,66
1,1273,2,925
26,9,22,5
18,34,23,29
196,3,167,4
226,175,159,138
111,101,105,51
23,1,27,1
248,230,228,162
593,425,477,332
8,18,4,8
20,11,14,8
105,63,95,56
35,16,18,14
69,1,49,0
238,298,199,235
70,108,53,87
279,255,222,168
12,0,2,0
19,0,21,1
11,27,5,22
20,0,14,0
66,0,46,0
1,624,3,481
9,6,10,13
54,26,49,19
86,48,64,38
29,8,24,7
36,50,32,44
109,145,83,93
32,0,18,0
364,292,310,235
15,9,12,9
17,14,11,6
144,162,98,125
222,167,181,129
16,16,24,5
0,192,1,154
143,273,110,215
14,13,11,11
33,17,21,12
29,48,25,34
144,151,146,124
22,16,15,10
41,26,54,20
17,1,18,0
174,156,126,114
21,13,11,11
9,3,11,2
11,6,17,7
110,81,88,62
1,391,1,320
122,116,76,93
13,14,11,5
92,210,107,209
383,84,293,77
37,22,28,12
380,249,319,159
22,13,13,8
119,130,97,111
148,226,116,193
39,31,24,18
115,125,78,107
26,25,12,24
51,7,33,5
469,66,392,45
131,130,99,102
18,0,13,0
70,179,63,124
90,251,88,198
12,20,15,13
55,80,52,46
1,86,0,76
24,0,11,0
20,7,15,4
25,14,18,7
77,66,62,33
13,8,14,3
473,548,356,421
99,22,82,20
102,69,101,70
23,1,11,0
18,1,16,1
45,15,30,16
160,152,127,136
67,98,47,93
15,2,23,2
49,44,33,29
111,95,93,49
22,8,20,7
15,0,15,0
1336,369,1052,262
1079,0,842,3
30,121,20,73
21,9,17,8
10,11,10,6
12,0,11,0
52,40,42,18
43,0,38,0
22,14,14,8
187,76,150,58
0,23,0,26
1,19,0,15
14,16,15,20
38,0,35,0
38,0,39,0
8,19,10,6
16,1,13,4
28,0,35,0
47,8,42,2
50,22,42,24
2,5,4,8
19,37,23,22
61,55,36,59
167,64,136,25
5,23,3,17
100,36,99,16
155,51,99,34
204,216,160,166
32,56,13,45
101,476,85,354
17,4,13,0
83,55,68,51
48,0,33,0
24,71,11,54
22,18,16,18
152,0,111,0
41,81,42,55
98,42,95,35
534,0,431,0
5,19,6,18
113,0,83,0
46,15,27,15
24,13,11,18
16,15,14,16
237,176,172,136
32,21,18,14
56,70,51,55
19,7,9,6
8,129,4,94
57,26,40,22
31,0,25,0
37,24,19,19
34,0,24,0
10,18,12,15
103,103,78,72
308,229,222,157
86,142,79,100
45,37,32,28
41,88,38,73
66,73,52,51
171,188,144,114
132,106,99,96
45,28,34,26
130,956,98,733
116,105,97,100
59,4,36,4
190,243,155,194
42,8,33,11
11,27,9,13
126,104,93,74
43,15,22,9
172,87,162,49
163,50,144,26
543,524,425,377
56,33,44,29
42,80,31,69
10,20,10,13
313,198,238,150
28,4,32,1
70,182,64,132
1155,1094,884,852
297,566,253,419
64,41,46,32
42,43,34,25
78,30,50,37
19,51,25,27
132,105,109,83
8,0,11,0
37,2,40,2
69,0,63,0
231,292,172,235
43,76,23,61
195,54,154,41
242,310,194,236
20,159,13,119
141,143,117,129
102,73,76,59
311,401,260,296
36,1,31,4
45,45,27,26
19,17,9,9
794,507,649,404
63,0,53,1
42,48,28,35
119,147,106,119
270,156,246,116
140,240,104,175
69,426,45,327
177,238,148,165
53,51,55,36
47,48,43,63
51,9,49,1
34,3,31,7
2,39,6,20
40,0,41,0
35,8,39,2
2,37,0,33
287,417,189,335
35,21,18,17
630,461,467,357
40,48,29,41
1,208,1,145
24,27,17,8
108,24,80,26
132,58,112,45
40,18,20,24
39,0,18,0
47,37,32,27
24,0,11,0
89,69,82,41
122,63,118,41
20,37,17,30
252,7,217,3
70,50,52,38
147,0,116,0
43,27,32,28
15,5,13,5
624,1035,509,828
40,27,23,21
26,17,22,8
289,135,257,89
71,87,59,65
207,279,165,204
68,230,65,175
4,18,1,21
179,20,142,8
54,29,53,23
35,178,22,157
169,86,139,74
40,36,36,28
90,31,61,44
93,133,48,86
46,15,33,11
211,0,124,0
17,21,19,24
30,14,16,7
10,24,7,17
237,297,209,213
168,157,123,108
60,0,50,0
15,5,12,5
14,20,12,16
11,21,8,10
27,117,24,95
9,36,11,19
168,0,131,0
195,239,185,179
44,10,33,9
177,53,152,27
31,11,26,3
91,611,62,445
37,51,24,31
119,26,80,22
25,32,29,25
15,16,10,20
87,143,74,110
64,56,50,35
18,31,22,26
30,41,23,14
147,112,117,83
165,101,125,83
65,0,45,0
195,230,120,179
15,13,22,10
39,1,31,0
44,52,33,61
105,2530,85,1851
306,759,276,600
351,338,291,271
481,428,333,371
39,33,26,28
76,0,48,0
152,59,101,51
99,120,83,76
113,36,95,20
221,0,141,0
49,14,31,16
5,15,2,9
80,58,64,49
24,58,21,55
62,66,50,47
62,163,61,126
304,95,229,68
8,129,3,80
60,23,50,20
32,65,31,37
6,71,5,48
169,141,139,95
59,0,55,0
226,213,175,143
174,365,143,290
57,89,57,98
33,21,15,14
55,62,55,31
31,17,27,10
20,15,10,11
162,116,122,92
79,1,57,3
147,0,122,0
204,153,176,108
295,516,258,344
127,2,122,1
230,86,153,66
67,6,57,5
19,41,22,16
41,15,45,15
168,55,118,27
23,476,14,400
9,1,8,0
61,38,39,43
41,30,31,8
467,135,313,92
240,93,217,69
197,135,156,80
45,37,38,25
23,47,32,52
127,57,95,50
36,30,44,26
46,50,30,28
218,210,171,150
845,589,622,450
31,0,27,0
60,89,54,82
26,42,33,30
173,208,133,129
173,75,128,67
65,112,66,99
10,0,12,2
696,669,588,555
187,107,136,101
69,13,56,12
378,332,301,293
75,567,69,469
55,42,46,48
51,25,53,21
24,143,18,135
40,0,37,0
137,0,127,0
76,21,85,18
221,219,181,178
47,163,37,141
20,17,9,20
92,85,76,75
842,249,641,166
0,40,0,33
457,569,332,420
119,125,127,96
26,38,21,33
40,58,23,44
160,103,127,102
66,86,63,58
52,65,29,52
35,19,28,22
68,42,43,23
42,29,36,25
125,46,77,39
7,21,7,14
5,0,12,0
24,15,31,25
21,0,17,0
40,13,22,14
49,73,47,51
97,138,74,162
56,144,52,82
232,412,172,285
16,101,18,68
170,729,155,530
52,32,47,31
49,77,36,57
417,409,355,313
11,24,11,13
214,361,170,242
45,93,31,74
20,16,17,12
128,138,100,117
50,1,38,1
47,85,35,62
36,63,43,44
32,29,28,14
7,56,3,35
42,40,30,20
11,9,11,9
60,206,40,156
56,0,48,0
20,37,23,19
541,654,440,490
108,266,96,216
76,38,47,30
66,1,39,0
0,10,0,7
99,32,86,19
3,15,3,7
30,18,24,12
27,8,13,18
6,8,9,4
272,261,220,212
16,28,4,32
386,223,301,185
29,15,18,16
912,876,752,676
37,17,29,9
83,98,58,83
59,53,54,21
20,0,7,1
12,15,8,14
27,50,23,35
123,35,113,23
0,27,0,18
51,34,33,33
60,137,45,95
68,13,56,6
20,0,11,1
67,56,68,53
76,61,54,38
466,463,417,349
11,26,11,18
114,162,94,124
43,20,41,15
330,197,249,152
25,33,9,35
83,58,70,35
105,36,81,39
150,93,137,83
34,45,34,43
26,19,15,15
19,37,12,21
99,153,79,107
32,13,22,11
192,132,141,83
30,0,25,0
139,115,113,77
41,54,33,48
31,19,36,12
93,64,71,44
135,115,76,76
33,0,29,0
994,938,748,689
77,126,43,122
17,20,33,19
63,58,49,51
31,10,25,4
172,216,146,135
21,6,18,4
42,51,25,33
19,33,12,18
542,901,413,639
55,48,34,27
123,5,87,1
59,37,52,44
48,36,29,29
195,27,140,13
0,39,1,36
11,14,1,8
124,16,110,12
33,14,17,5
8,9,11,13
16,7,15,4
80,78,59,68
49,20,46,27
295,319,252,246
21,2,13,5
18,59,22,54
42,80,28,72
0,97,0,87
1022,1666,867,1286
119,91,91,89
38,65,33,38
40,13,34,7
71,89,70,68
19,13,22,15
40,36,42,24
52,9,44,5
2154,915,1633,669
7,257,9,214
44,83,51,65
438,284,337,207
27,0,22,1
187,239,142,189
11,26,4,18
17,9,7,6
90,158,84,146
45,42,24,27
29,27,26,19
60,69,58,66
232,345,158,270
71,180,64,147
39,49,36,29
136,133,89,93
126,112,101,83
94,101,68,72
45,44,36,31
87,106,56,101
4,11,1,10
69,24,50,18
107,165,77,131
13,102,13,102
65,7,38,5
67,10,66,9
19,20,13,21
927,883,736,681
392,168,332,134
21,18,23,12
74,32,60,27
60,54,56,56
55,91,54,76
123,301,99,231
24,29,18,25
51,24,54,16
0,21,0,18
32,0,18,2
117,35,97,32
77,120,54,82
147,78,109,48
8,33,7,19
49,50,44,48
30,34,29,26
48,29,22,19
11,0,17,0
23,16,19,20
32,17,21,14
27,28,26,24
206,205,175,174
8,16,7,13
78,113,67,94
164,217,148,179
41,0,29,0
20,21,19,9
63,556,58,431
41,65,39,58
73,63,54,41
39,40,39,26
59,57,50,34
244,170,211,136
349,548,273,435
14,14,7,11
62,68,40,63
13,1,9,4
363,271,271,199
12,15,12,18
111,128,101,68
47,151,33,119
18,22,14,11
16,22,10,17
325,130,246,105
198,1433,157,1063
20,12,18,17
0,35,0,33
15,19,17,9
31,52,30,33
13,1,16,0
58,82,32,59
95,47,106,29
10,35,7,24
13,0,10,0
42,168,25,117
64,37,69,22
13,34,6,31
235,845,196,679
0,24,0,21
211,219,170,175
146,167,83,112
36,47,28,39
224,83,170,68
178,435,150,306
512,678,407,495
12,26,19,12
125,99,84,80
64,95,71,57
214,202,187,162
146,131,98,83
27,0,31,0
253,278,180,210
20,29,15,20
16,43,19,30
19,53,9,46
57,2,50,0
90,258,99,169
22,23,19,13
80,111,55,111
112,93,80,89
15,18,14,11
19,0,15,0
29,19,26,11
11,14,7,15
19,22,12,8
12,5,10,2
32,37,18,17
41,35,38,39
48,57,40,36
119,1,122,0
0,169,1,136
41,29,41,22
46,64,51,38
55,0,35,0
41,37,36,29
0,55,0,55
0,167,0,138
516,825,409,624
15,15,17,13
20,14,10,6
236,362,198,266
209,264,154,194
75,30,54,18
147,74,134,45
41,15,33,19
76,118,56,82
799,0,681,0
28,3,14,1
31,26,22,24
30,78,32,59
136,60,93,51
49,24,25,15
80,58,52,54
18,13,10,16
20,10,12,7
53,20,51,14
96,78,91,55
25,67,20,52
230,469,168,381
68,232,44,153
144,189,99,154
20,0,12,1
63,4,55,5
62,41,43,29
81,53,67,51
42,40,41,30
96,62,88,64
21,31,17,22
48,0,53,1
52,0,32,0
0,69,0,58
10,17,6,16
77,164,68,125
177,187,149,171
37,114,21,83
399,300,302,212
181,291,142,219
185,252,124,184
326,187,276,156
9,2838,3,2216
73,30,53,21
211,225,182,163
214,91,160,67
31,29,21,24
109,152,95,115
14,10,10,12
46,28,26,35
34,35,30,17
375,599,294,450
401,375,313,273
70,23,60,20
80,69,62,41
383,472,290,377
18,16,10,13
48,77,27,68
72,55,64,43
83,108,63,98
573,380,452,296
158,129,114,96
58,96,30,47
79,173,73,102
6,32,4,11
48,168,28,127
11,20,8,13
64,22,46,11
0,114,0,66
120,73,91,56
45,74,26,55
145,77,104,58
107,51,89,46
711,613,507,492
102,76,94,50
24,49,12,29
84,24,57,20
142,143,117,97
143,113,110,105
290,107,229,96
7,11,9,7
2,11,1,7
1203,2625,926,1991
16,9,23,3
63,0,53,0
182,346,188,268
9,17,6,20
95,121,89,98
15,22,17,14
1,22,1,17
270,302,205,279
5,16,4,17
89,83,72,64
69,30,72,33
147,2,111,3
81,158,68,110
9,28,10,21
19,22,20,9
10,253,14,156
13,0,6,0
12,10,8,7
146,127,130,86
111,99,108,63
59,96,37,80
213,308,150,245
2,15,2,10
41,105,32,89
141,0,84,0
39,49,33,45
71,65,45,35
54,81,42,64
222,93,166,55
64,69,63,59
161,111,150,63
86,53,61,46
162,200,124,165
84,102,70,83
21,49,20,34
159,279,149,197
33,117,24,82
146,103,110,101
15,4,14,5
20,33,13,25
370,269,281,198
155,213,117,173
66,55,49,45
10,387,18,314
446,51,351,44
19,3,10,4
16,17,6,7
20,2,15,2
6,28,9,12
7,102,2,83
9,10,2,13
45,0,36,0
9,90,14,77
33,42,30,23
172,45,155,33
75,30,36,23
54,0,32,0
34,47,35,43
164,52,93,45
108,17,83,4
30,1,30,0
176,0,127,0
33,40,28,32
0,57,0,36
22,14,18,16
2,9,2,10
24,25,20,22
18,1,21,0
3,8,4,7
33,12,22,10
176,201,137,163
299,6,269,10
1,548,1,452
3,9,1,9
54,47,39,59
36,31,26,25
47,56,44,35
371,372,311,245
81,71,53,60
64,61,53,37
80,40,60,36
164,118,102,73
58,66,58,54
29,0,29,0
33,28,19,19
129,132,106,103
46,46,32,27
120,83,111,78
8,31,2,22
32,31,33,15
31,0,19,0
23,42,18,35
39,79,45,60
37,0,15,4
54,28,60,27
57,1,49,2
121,200,87,148
105,16,78,8
82,105,58,69
67,48,69,37
56,40,50,26
10,26,13,27
87,154,75,95
26,76,21,65
101,0,57,0
75,16,55,10
15,44,13,25
8,21,1,10
40,64,32,47
11,24,11,17
26,10,19,12
105,45,97,46
199,118,143,87
43,27,37,27
66,280,57,211
45,21,39,22
86,14,78,7
261,214,242,172
23,0,21,0
58,95,55,67
39,25,22,22
339,106,286,83
7,25,4,30
17,31,15,15
743,3053,642,2267
48,21,38,23
78,49,60,37
41,37,34,29
67,190,63,128
58,93,43,49
76,84,65,64
198,202,196,169
34,42,16,24
26,5,20,1
22,16,20,14
90,39,77,23
26,32,17,18
267,913,198,718
37,41,22,41
68,90,70,78
249,259,221,209
30,125,29,94
218,108,181,102
56,0,44,0
268,152,200,137
6,119,10,77
0,48,0,44
47,31,44,19
1332,1292,1058,1046
206,111,170,110
79,38,72,19
111,81,101,61
0,348,0,265
161,119,104,78
105,58,89,42
133,73,94,59
21,35,19,22
156,81,119,67
19,4,26,3
3,22,2,23
209,725,175,586
28,19,20,23
24,23,18,16
23,20,22,18
32,1,20,0
44,1,36,1
142,151,125,101
53,1,48,2
23,0,18,0
39,37,34,26
203,199,138,143
43,0,40,0
114,168,82,130
1,9,3,13
155,249,128,193
85,131,75,112
22,0,24,0
45,43,32,30
0,7,2,5
130,5,104,2
22,39,13,34
138,128,120,93
96,115,71,93
20,23,14,25
14,37,10,22
58,76,43,42
10,5,8,9
82,0,50,0
86,0,86,0
21,9,16,9
0,96,0,84
31,37,35,21
46,43,42,43
36,40,25,21
9,26,6,19
44,52,42,43
17,18,17,14
1,18,1,12
0,457,1,365
175,270,120,202
29,44,18,33
40,134,41,100
544,557,427,387
258,438,232,359
137,179,113,136
36,42,31,37
31,0,26,0
84,103,68,62
93,324,65,243
71,47,36,32
64,119,52,106
244,155,174,114
0,219,0,190
357,544,257,416
54,1,55,2
0,67,0,46
430,756,357,600
98,79,58,63
52,51,36,41
70,77,52,61
78,69,56,49
47,47,34,63
116,92,99,67
146,1143,108,874
125,228,124,190
16,133,13,93
195,198,125,163
127,180,77,107
7,30,5,28
83,177,57,140
52,67,40,49
96,79,90,68
227,787,172,640
60,15,53,28
11,35,20,8
0,94,0,75
138,116,108,95
38,17,38,26
117,1,85,0
37,64,25,40
48,76,49,68
247,195,218,164
60,57,53,33
30,25,10,13
236,210,192,161
186,157,148,115
882,879,698,703
109,7,89,10
200,309,145,258
140,219,96,176
89,112,64,80
64,30,66,21
81,82,71,67
51,13,50,9
74,66,49,46
369,676,313,520
49,218,42,162
73,0,64,0
53,40,30,49
31,36,28,27
54,108,46,62
145,123,103,104
58,9,42,2
66,483,48,365
166,200,121,175
64,521,52,367
100,0,75,0
322,680,251,564
7,2379,6,1889
130,90,99,69
17,38,16,38
55,49,38,48
72,156,58,115
244,387,191,284
256,272,205,222
294,288,246,215
202,206,176,153
372,2,307,1
292,121,230,95
630,379,479,302
132,163,90,124
22,3,9,2
371,345,294,243
32,24,20,13
8,15,3,3
24,23,6,12
28,37,30,22
66,0,66,0
143,111,107,84
81,87,60,71
1,7,0,11
239,281,199,207
83,78,64,43
56,80,36,67
58,122,48,84
37,13,36,10
42,36,21,25
13,15,13,18
4,60,7,50
270,6,229,1
25,45,20,42
56,18,39,20
57,67,43,65
460,456,337,364
187,169,140,106
197,243,152,194
130,57,113,49
17,12,19,16
0,11,0,11
21,0,19,0
190,296,168,239
99,155,84,99
395,284,308,225
335,436,273,333
105,79,66,73
115,111,135,72
100,161,68,118
19,12,12,16
33,0,22,0
88,127,70,113
15,21,16,21
3,15,4,19
161,368,113,250
9,11,7,5
14,23,11,17
31,1,18,1
20,0,18,0
14,13,12,11
24,25,3,18
20,17,16,15
10,15,12,13
30,49,27,49
19,42,17,33
20,0,5,3
13,19,14,8
9,8,5,3
17,17,10,16
13,0,9,0
103,64,73,51
16,15,15,15
0,20,0,10
48,0,39,1
24,7,19,10
103,61,77,51
35,52,34,37
151,151,128,111
30,4,29,4
261,210,194,174
18,28,13,17
44,21,40,17
10,4,11,6
30,33,35,33
25,96,21,74
242,0,213,0
80,21,51,14
9,3,14,2
22,56,19,52
247,216,217,161
12,22,18,17
35,13,21,6
27,28,17,15
140,3,92,5
12,9,9,9
55,65,45,50
16,21,11,16
12,67,13,50
462,1050,343,790
35,49,36,51
165,269,158,206
29,30,25,19
282,350,217,249
18,9,12,6
30,35,22,25
60,85,37,65
78,72,72,51
43,37,31,32
26,11,19,16
223,526,173,389
91,111,53,54
114,117,104,93
4,141,12,92
20,3,10,4
331,234,260,169
147,64,90,68
156,40,97,28
2017,1188,1608,888
12,20,12,22
80,97,59,76
66,37,62,34
43,55,33,41
11,17,12,24
66,38,55,26
205,101,168,75
219,216,185,190
373,562,253,452
380,104,262,71
258,108,223,77
209,136,185,85
357,118,280,114
142,181,97,147
218,99,211,80
359,162,264,115
249,193,195,146
241,513,170,403
0,50,0,53
45,63,37,41
1105,1220,964,852
47,18,24,24
32,0,30,0
346,387,282,267
223,208,145,146
61,60,44,54
25,14,16,8
19,19,18,16
28,48,19,28
1,120,1,82
161,128,125,94
29,24,29,17
175,49,144,31
384,495,258,345
40,1,36,1
222,145,153,127
91,49,75,34
306,8,235,8
865,479,706,386
168,172,126,159
43,0,21,2
33,35,21,29
184,26,154,16
90,14,69,7
87,282,61,234
157,60,126,54
8,17,16,16
122,89,109,60
94,121,75,98
34,0,22,0
24,1,17,2
2,6,2,11
208,214,198,144
23,41,24,36
31,7,19,12
15,27,10,16
20,15,8,10
24,16,28,14
20,14,12,24
7,0,4,0
59,59,60,34
13,35,24,23
22,0,8,0
28,23,23,19
24,41,26,38
43,43,33,30
33,33,29,39
152,133,132,106
245,208,192,179
193,92,132,77
318,255,293,208
43,75,33,43
49,83,41,60
8,409,18,305
3,29,4,13
182,172,135,128
13,130,17,92
56,15,55,15
73,63,62,55
53,70,46,46
80,96,47,57
28,16,15,10
24,61,24,39
167,136,112,92
439,563,324,442
110,213,95,148
21,8,16,2
5,8,7,6
7,16,1,13
44,26,30,14
73,0,48,0
81,34,65,22
67,26,55,26
15,19,11,16
1418,1836,1196,1363
10,114,2,64
44,41,33,46
65,103,49,62
144,164,127,109
59,64,71,64
115,155,84,122
9,7,10,6
43,78,32,90
40,201,15,184
46,9,21,13
40,23,33,19
93,47,73,35
0,36,0,35
18,0,14,0
21,0,19,0
132,65,107,35
78,60,65,51
146,117,98,77
60,63,45,47
13,0,12,0
37,22,34,13
91,313,57,219
36,25,39,30
233,302,175,227
201,115,138,114
11,240,11,182
21,190,15,131
60,66,41,47
32,69,33,49
6,1945,4,1508
74,86,59,76
30,5,40,6
232,74,173,82
26,24,10,17
0,41,0,41
330,319,265,276
177,9,137,5
21,22,27,27
86,105,68,54
82,22,61,15
406,632,317,498
41,78,29,50
98,52,82,33
63,60,52,40
0,18,0,13
1549,2036,1204,1433
89,90,80,79
157,610,126,505
58,67,52,53
9,36,5,24
20,0,11,0
3,12,3,9
35,0,31,0
315,326,236,265
118,42,99,39
16,21,15,25
11,0,5,0
13,10,5,4
27,47,26,24
482,801,369,602
35,47,30,30
59,105,51,72
0,16,0,14
35,17,26,17
30,283,34,241
19,0,12,0
137,7,102,4
43,15,44,13
237,301,172,203
113,75,101,52
75,91,51,70
5,60,1,59
0,19,0,18
1,211,0,132
8,1947,3,1452
93,36,74,26
48,64,39,56
55,57,49,37
338,451,271,337
35,148,26,102
18,62,14,51
24,0,23,0
26,12,20,5
0,33,0,19
182,101,177,97
485,379,392,270
35,32,28,25
197,177,155,142
110,139,93,112
656,457,531,388
153,135,130,106
68,46,39,25
112,144,96,114
296,403,265,283
1053,1033,861,772
36,24,28,24
208,95,140,89
8,17,8,21
38,148,14,118
81,41,44,36
262,335,204,277
40,1,35,2
261,26,199,24
190,168,143,142
8,43,5,34
58,88,67,77
50,54,63,46
68,31,51,18
87,48,70,37
97,85,85,60
104,83,75,35
28,12,28,4
132,64,115,53
0,236,0,146
28,119,27,87
18,10,20,10
12,26,12,18
56,102,37,79
95,73,52,58
12,8,6,4
6,36,4,25
33,53,33,29
115,294,104,210
494,72,413,36
55,12,52,12
8,0,18,0
101,32,97,22
30,28,33,17
10,15,20,21
93,53,53,35
4,11,6,6
59,174,71,124
59,83,42,79
25,22,11,22
78,81,58,74
36,34,27,24
16,40,9,38
0,52,0,53
20,26,12,10
20,8,9,14
13,4,12,6
36,61,22,45
17,1,9,0
20,29,16,22
15,85,14,80
0,26,0,15
16,15,15,17
18,5,23,8
11,28,7,13
19,35,14,24
5,42,1,30
49,123,31,69
104,0,79,0
60,77,56,51
28,62,26,55
33,0,37,0
15,9,10,18
49,188,46,136
70,123,53,80
46,69,54,38
70,47,64,21
12,39,16,43
11,6,16,3
50,27,39,18
167,197,128,141
169,281,138,200
1,51,0,47
54,0,42,0
53,0,50,0
19,8,15,11
25,20,14,15
10,8,5,6
10,11,8,22
14,9,15,9
28,16,13,8
29,4,28,5
22,22,15,16
277,0,194,0
20,0,18,0
48,12,15,5
113,108,97,75
33,33,32,28
22,16,10,15
43,0,34,0
37,41,31,28
48,56,22,41
25,15,21,10
92,0,81,0
84,59,65,50
15,34,14,13
10,0,9,0
24,12,14,5
28,7,18,6
25,57,17,32
46,20,41,14
39,22,15,9
44,56,32,33
29,26,37,18
24,70,16,63
34,151,35,117
23,19,5,13
24,0,19,0
18,46,17,54
9,14,13,11
0,19,0,14
45,46,38,38
23,11,19,3
172,235,146,174
182,191,174,155
18,1,9,0
20,5,12,5
137,73,99,64
16,14,12,5
21,25,19,20
29,46,33,27
5,28,13,13
120,179,89,148
37,30,34,19
7,12,10,9
51,30,54,24
16,20,23,11
3,25,1,17
34,37,39,35
40,46,43,45
80,47,55,35
19,3,15,3
241,0,204,0
21,82,29,48
0,107,0,107
70,62,46,50
16,8,10,6
76,72,68,60
1,32,1,30
43,19,52,16
27,15,29,11
15,32,18,22
42,12,29,8
62,14,49,12
15,6,13,2
90,138,71,95
11,0,6,0
30,36,24,20
72,93,61,92
25,28,22,28
309,78,231,58
227,195,170,174
45,36,49,24
26,27,31,22
899,522,649,366
122,106,104,104
23,8,17,5
32,9,29,3
2,1566,5,1170
23,16,19,7
47,0,30,0
31,19,17,8
15,28,10,19
0,36,1,25
61,77,55,60
4,52,2,28
4,12,2,5
32,31,24,23
6,145,4,116
70,62,56,57
10,15,7,17
44,101,29,68
210,341,163,241
29,90,37,61
79,1,50,2
76,0,49,0
73,6,60,7
68,36,58,36
28,26,22,18
29,1,10,1
17,2,8,3
4,42,7,27
30,20,20,17
67,71,66,71
17,19,16,3
13,12,10,6
19,4,13,7
62,28,40,29
64,21,48,15
47,35,47,14
12,36,17,21
34,38,25,18
359,379,295,281
315,243,253,183
12,20,7,11
42,1,22,0
128,38,90,33
4,12,2,8
53,113,42,82
10,5,11,1
21,1,10,0
4,40,5,31
86,62,60,41
92,144,99,106
360,442,232,316
49,22,41,12
204,127,157,126
78,19,58,17
41,19,38,17
45,30,38,27
55,35,43,33
21,37,26,29
15,0,9,0
10,18,12,9
18,12,21,11
14,10,10,13
42,6,26,8
23,30,13,14
9,1,12,2
217,465,185,351
151,169,135,114
56,3,57,0
23,0,19,0
0,41,0,34
23,4,11,3
21,13,9,21
17,13,16,20
15,16,20,21
4,12,0,7
34,46,24,27
61,83,47,46
23,0,25,1
35,42,40,36
21,8,24,5
45,25,37,31
1,123,5,94
13,4,10,2
64,21,58,28
235,239,177,169
90,296,74,230
178,63,130,51
13,3,7,1
15,9,11,7
11,0,7,0
9,14,7,13
5,17,8,8
33,26,18,18
8,5,10,7
2273,2177,1731,1694
341,179,300,145
42,11,33,12
162,35,123,31
75,37,60,25
43,0,37,0
49,61,37,43
49,58,31,54
31,178,23,158
61,0,58,0
41,0,26,0
15,23,11,16
13,17,10,8
10,3,11,3
16,14,14,14
66,73,48,50
48,59,55,46
58,132,50,97
23,0,23,0
16,15,10,10
711,446,575,324
12,27,16,16
21,28,9,21
23,16,14,13
2,976,3,724
26,2,31,3
0,37,0,43
22,19,22,5
0,17,0,9
10,13,7,14
160,119,108,72
29,0,14,0
32,28,28,35
74,53,49,32
30,29,24,19
22,16,17,7
47,30,38,13
169,6,169,4
17,0,11,0
8,0,11,0
151,102,120,94
43,10,29,0
26,4,27,8
1,139,0,95
65,71,56,57
664,551,529,359
284,103,227,110
51,49,39,26
17,0,13,0
15,1,19,0
4,9,1,2
48,25,28,30
30,9,24,4
71,135,60,106
516,871,472,693
417,469,352,370
22,57,10,50
34,27,26,38
145,65,144,43
63,68,57,52
0,76,0,57
0,212,1,168
80,80,68,62
86,151,75,99
36,38,34,26
26,35,11,38
54,0,63,0
154,201,130,175
11,0,16,1
44,1,27,2
29,67,29,50
15,7,17,4
126,178,80,138
20,23,20,21
34,0,36,0
99,23,70,20
29,4,26,1
72,42,44,42
63,140,55,100
97,40,76,21
200,68,156,36
32,6,32,7
14,1,12,1
35,38,24,25
50,58,29,59
37,29,42,25
30,63,21,45
16,16,13,23
0,39,0,12
38,38,40,36
22,17,18,4
29,28,19,26
2,49,1,41
118,16,87,5
44,13,44,5
21,36,21,25
28,25,17,20
20,7,8,8
10,30,8,30
1,23,0,16
9,34,10,28
3,10,1,9
13,7,17,3
104,106,94,79
71,99,57,93
13,21,6,14
31,0,31,0
46,39,35,33
10,8,7,12
18,6,15,5
35,63,25,37
5,14,8,7
114,85,83,66
132,96,103,68
207,83,158,76
401,108,345,79
0,46,0,49
168,7,116,7
700,499,569,398
848,852,659,635
105,31,79,33
47,44,44,36
0,30,0,23
59,76,34,59
125,2,104,3
16,20,9,18
38,22,31,22
44,44,39,28
18,70,11,56
141,38,123,26
18,6,10,3
31,0,26,0
15,0,10,0
24,0,19,0
14,13,7,11
100,94,69,73
328,230,231,187
21,30,17,28
97,81,85,62
63,164,51,127
104,139,61,99
109,102,91,74
144,84,133,69
6,16,10,3
67,558,54,424
48,22,45,15
35,18,32,17
121,112,91,72
336,255,225,191
49,55,39,35
156,244,140,182
91,94,69,74
79,42,68,26
41,46,27,35
0,57,2,45
0,40,0,25
152,100,109,66
102,152,76,88
19,17,13,8
74,83,39,50
46,75,38,80
482,460,411,361
217,221,152,183
71,46,64,38
12,14,9,11
253,275,210,240
55,3,40,1
14,15,13,7
17,0,13,0
28,27,21,23
9,20,3,21
15,17,8,10
21,14,37,7
33,28,20,18
239,251,202,202
12,38,14,42
114,78,87,57
0,38,0,31
331,305,250,238
23,11,21,3
11,167,5,104
17,15,11,14
76,45,38,38
15,31,18,18
72,152,55,114
170,53,135,39
200,302,151,240
164,215,128,156
58,25,53,18
2,9,1,7
606,444,453,351
37,52,44,36
166,263,114,213
202,213,169,142
0,9,0,9
52,76,30,58
39,5,21,2
22,27,15,16
12,29,12,14
84,115,60,99
31,68,25,50
32,172,35,150
184,310,160,219
11,32,5,29
290,452,207,304
147,227,105,203
97,80,71,61
1272,722,986,504
21,8,20,6
194,213,129,175
39,64,33,49
20,15,14,10
18,7,29,5
429,241,334,202
92,3,95,3
79,139,72,102
8,15,5,10
32,77,35,49
53,56,40,51
53,192,45,155
76,37,67,28
1,38,0,32
2,85,5,69
22,63,20,43
88,43,56,25
0,174,0,135
37,69,20,43
69,113,55,83
71,84,65,69
60,131,66,87
75,23,47,14
85,75,50,57
246,145,177,118
196,162,156,118
73,128,74,84
61,85,46,55
5,32,4,22
112,159,89,124
78,45,51,31
11,55,14,35
1036,2340,849,1841
35,49,35,37
17,176,9,123
27,5,15,7
107,53,84,42
26,11,17,11
129,88,110,61
106,2,71,0
2,102,5,82
13,0,9,0
10,26,12,13
0,67,0,66
96,67,73,65
25,32,5,32
4,33,2,21
373,194,280,135
88,1,69,0
136,59,103,57
21,8,13,1
65,41,49,39
96,109,64,81
42,47,30,35
24,8,18,7
19,0,11,0
117,82,79,61
56,113,32,77
18,11,15,14
17,0,14,1
17,0,13,0
212,0,171,0
77,66,48,45
0,30,0,30
60,69,49,47
91,16,73,28
199,84,162,68
65,17,48,12
64,4,67,3
23,10,20,6
13,81,8,53
91,123,73,93
34,34,27,45
58,0,45,1
19,33,15,23
85,91,66,70
23,44,18,38
16,13,14,18
342,288,288,240
23,38,12,51
112,129,93,92
21,0,17,0
10,12,16,11
321,233,261,172
41,19,32,18
48,22,43,19
78,136,57,105
34,21,47,16
70,32,67,27
43,23,32,10
233,72,184,43
258,113,243,90
31,8,13,9
28,101,21,69
8,20,5,5
44,21,19,20
57,50,42,39
1368,1674,1113,1311
39,88,27,63
7,38,9,31
85,47,75,48
0,25,0,8
127,32,123,33
34,0,21,0
12,29,10,19
126,57,107,44
27,1,29,0
58,41,36,20
38,38,38,27
14,27,6,14
7,17,7,9
67,60,66,41
58,191,51,142
48,189,46,162
21,366,16,319
30,157,41,100
47,54,36,53
283,156,210,128
23,0,29,0
5,66,1,46
69,65,46,46
3,62,1,35
102,3,86,4
13,7,3,13
113,94,100,79
54,48,47,30
98,250,100,175
167,155,137,108
1677,680,1462,580
29,23,23,20
151,0,113,0
36,59,18,35
147,0,102,0
17,17,11,24
78,195,80,143
75,45,57,25
26,0,19,0
200,167,140,129
0,148,0,114
81,124,83,66
51,102,27,70
89,212,67,136
172,203,160,169
79,140,58,102
46,24,27,20
138,0,89,0
19,7,24,2
116,182,108,153
77,0,56,0
15,254,6,162
215,245,167,187
1,23,2,16
21,44,20,26
17,25,18,24
5,0,9,0
4,31,4,14
292,555,253,431
440,253,348,234
22,0,15,0
7,16,5,9
197,111,160,82
103,86,78,80
84,90,60,70
2108,1562,1592,1196
113,81,75,48
90,83,88,57
22,54,11,39
71,151,54,145
13,15,12,9
0,124,1,97
84,38,82,27
13,15,7,8
614,350,501,276
46,58,37,65
12,26,7,14
195,150,176,119
1,14,5,11
0,15,0,6
1080,1613,826,1270
63,24,46,19
244,1,186,0
25,48,13,35
72,35,58,39
11,4,6,9
31,5,22,4
18,0,19,0
92,83,77,60
64,46,60,38
11,0,14,0
4,11,4,6
36,16,25,15
251,271,170,205
81,106,67,78
115,212,97,142
96,173,92,139
41,62,39,47
39,54,40,36
19,16,21,20
7,55,4,48
21,9,12,12
79,180,71,159
14,13,8,11
78,12,69,7
20,50,31,30
1,127,0,97
30,79,38,62
22,0,13,0
113,124,79,133
563,966,459,739
223,105,179,79
43,23,26,21
1247,1140,941,919
152,111,124,87
259,127,202,91
9,15,4,10
108,98,72,81
352,328,264,278
832,1079,728,818
22,24,19,13
17,14,12,11
93,21,57,18
101,22,91,25
14,4,19,3
359,45,291,25
19,29,18,24
9,19,8,9
64,59,58,34
17,53,6,29
51,60,36,57
21,50,17,53
48,22,21,20
90,51,72,39
21,2,21,1
157,200,149,152
72,78,61,50
8,33,13,21
60,11,47,14
140,129,122,111
54,60,51,57
13,27,12,18
6,23,3,15
28,112,23,91
495,463,378,346
227,136,174,109
597,254,479,187
74,12,78,5
159,357,118,282
9,6,10,6
6,6,10,11
1,722,1,492
56,230,55,159
75,58,58,44
225,131,162,104
176,77,148,69
7,53,0,42
52,29,54,21
117,97,76,50
163,63,100,54
105,129,86,107
40,24,35,14
97,70,77,52
31,36,31,34
149,162,94,125
246,295,162,235
81,0,59,0
24,34,19,19
303,438,205,335
14,56,15,23
48,46,30,42
9,240,12,192
103,58,83,51
0,103,0,81
8,18,11,19
27,13,18,22
45,397,32,250
50,46,43,28
19,30,13,19
19,12,21,8
49,66,39,39
0,26,0,14
66,24,55,20
79,23,53,14
92,83,75,56
3057,2,2503,3
14,0,9,0
46,0,37,0
71,85,74,47
25,20,10,15
550,309,442,227
72,73,46,67
71,104,56,74
200,221,139,189
119,95,86,61
56,4,64,9
47,96,44,71
35,8,20,8
74,119,48,79
26,27,27,20
46,170,37,124
264,194,201,132
5,10,2,11
37,16,32,21
56,463,49,324
7,66,6,67
19,0,25,0
45,78,28,45
26,19,16,19
96,90,85,72
60,89,53,71
102,125,96,101
37,25,32,21
21,126,10,94
20,17,18,12
34,32,20,31
46,8,33,4
30,717,36,504
41,56,51,54
43,23,46,27
38,67,35,52
94,50,87,40
22,13,13,11
25,20,26,16
33,62,30,35
43,79,44,65
0,37,0,26
157,113,128,80
288,39,266,25
15,22,8,16
159,273,146,215
62,25,47,24
70,130,78,70
92,39,65,29
38,9,20,5
16,5,16,7
30,1,29,0
83,38,71,34
77,279,77,213
21,13,13,13
78,0,53,1
31,15,39,19
196,86,131,58
97,0,84,0
97,9,77,7
242,293,157,225
46,0,44,0
1,365,1,268
73,118,65,74
134,89,114,54
15,0,14,0
1034,265,807,224
3,925,2,622
25,74,14,61
341,281,254,245
13,6,12,11
61,109,44,65
10,0,13,0
138,148,113,117
34,120,14,80
54,0,47,0
186,101,157,95
42,0,45,0
8,17,7,11
33,22,21,13
4,41,4,36
5,2129,3,1622
106,39,81,38
14,41,28,26
17,0,16,0
16,0,13,0
109,173,72,125
53,38,44,36
83,105,63,85
376,496,313,358
358,345,310,288
117,89,89,69
20,17,15,23
185,58,159,25
68,79,61,66
13,5,10,0
0,66,0,32
31,220,30,171
78,65,78,41
375,284,310,230
45,51,30,46
23,18,18,13
84,133,51,85
39,39,35,26
306,161,229,127
319,339,285,245
39,44,38,26
12,10,10,8
57,12,41,17
447,389,373,234
178,135,172,80
51,5,39,4
27,23,23,14
11,32,6,38
22,19,24,19
14,5,15,8
11,10,16,13
41,36,43,30
11,14,10,13
10,12,7,3
31,28,32,20
21,2,14,0
18,5,11,5
12,11,12,4
6,17,8,12
16,7,15,14
69,68,74,41
19,0,19,0
26,17,25,12
12,22,12,26
95,143,69,134
30,19,23,15
19,21,14,14
40,69,46,46
31,0,14,0
377,95,305,77
108,26,99,18
186,107,147,94
68,59,56,58
13,9,6,12
4,7,2,12
16,18,8,10
34,2,33,6
37,0,23,0
41,47,28,34
1,10,0,11
53,57,36,54
29,22,23,15
35,1,28,0
400,176,322,135
6,7,6,7
63,0,46,0
664,403,566,298
468,546,352,451
57,24,29,30
90,67,74,41
157,59,125,41
26,42,20,23
35,51,31,41
58,1240,50,975
72,63,52,39
20,107,26,68
1,442,3,347
42,1,36,0
27,88,22,67
22,43,17,30
18,5,21,3
26,0,19,0
31,15,27,9
56,38,54,19
55,64,33,63
9,34,11,21
8,11,12,13
27,47,14,21
28,40,26,35
14,13,11,11
6,0,15,0
22,91,23,63
37,55,22,36
19,22,5,25
68,184,32,150
15,14,4,16
12,9,14,14
35,18,21,21
1,220,1,166
164,10,120,4
13,23,9,20
21,8,23,1
98,111,65,57
1,15,0,17
0,109,0,89
115,0,122,0
19,14,13,18
34,0,36,0
63,25,38,29
16,68,5,51
62,131,43,100
26,2,28,1
75,115,68,61
119,37,80,25
18,0,6,0
251,285,180,250
17,15,8,8
3,99,2,60
58,67,46,43
194,49,160,53
78,45,50,41
8,8,4,8
28,23,18,14
76,0,50,0
2,1421,0,1163
17,9,10,8
69,102,47,68
36,1,24,1
42,34,54,18
28,141,27,90
36,30,22,31
18,0,20,0
0,62,1,49
79,87,54,63
259,349,192,267
11,9,10,15
204,89,167,58
39,168,33,132
16,47,6,46
196,77,140,54
21,0,11,0
32,0,20,0
106,146,74,113
46,50,36,23
199,0,147,0
23,32,19,16
43,39,31,31
6,124,0,73
34,0,29,0
22,16,24,15
17,10,16,8
19,18,20,15
16,26,9,12
14,4,6,4
244,316,201,260
38,52,28,37
23,12,12,10
68,16,77,17
45,46,50,38
5,16,2,14
14,0,15,1
16,21,5,12
56,34,34,21
13,40,16,41
64,16,46,9
9,34,7,21
141,89,110,61
33,32,35,22
29,22,31,19
20,0,16,0
235,96,167,68
22,4,17,6
180,65,141,52
138,150,115,150
28,1,22,1
0,16,2,16
88,0,83,0
29,2,20,2
163,88,85,73
65,38,47,30
4,30,7,26
19,30,29,17
23,7,19,8
26,3,21,0
46,60,41,32
29,16,18,14
3,49,5,34
1,832,1,621
61,58,56,60
65,19,34,21
79,130,65,101
9,68,22,49
34,52,18,43
20,1,15,0
59,7,60,7
45,68,51,61
57,83,34,65
11,12,12,11
54,91,44,73
10,16,8,10
35,118,31,105
13,0,23,0
104,104,80,68
9,12,10,11
24,81,21,88
43,127,32,112
17,23,12,8
47,25,35,26
36,16,27,14
42,31,35,32
85,57,62,40
14,35,9,18
10,0,6,2
49,46,39,36
62,65,55,39
15,30,19,18
0,205,0,164
18,63,22,35
30,9,19,6
96,85,75,74
313,303,270,222
309,249,277,159
84,151,75,136
128,71,113,47
19,7,15,4
67,143,47,133
81,109,66,89
93,45,87,38
81,1,66,0
3,22,3,14
23,34,23,26
8,8,11,6
47,1,45,0
17,12,12,8
0,27,0,16
37,30,24,26
28,2,23,4
16,0,18,0
41,60,30,33
69,34,40,25
49,1,41,0
14,27,15,17
17,14,15,13
0,8,0,10
26,12,27,15
21,203,19,136
18,9,21,4
20,0,21,2
619,882,436,703
82,131,63,135
42,38,34,27
11,24,9,21
92,72,75,51
28,30,15,21
25,25,15,21
22,11,22,14
8,12,6,10
21,31,17,26
113,132,69,108
19,8,18,1
52,95,61,91
156,71,121,48
50,20,25,12
25,13,21,8
130,84,135,79
137,110,109,90
81,34,62,17
652,183,453,157
69,54,65,26
37,65,42,54
20,5,18,6
155,336,106,237
17,13,19,6
126,41,111,26
27,0,18,0
3,37,3,16
33,48,27,29
77,37,88,28
94,41,52,27
18,0,15,0
14,17,9,12
208,50,170,40
130,0,100,1
278,183,233,125
14,1,7,0
397,246,306,179
587,317,491,268
61,38,64,34
375,162,315,121
64,28,55,21
242,7,179,7
101,84,81,53
0,31,0,32
156,4,108,2
548,655,452,567
192,6,138,4
62,31,53,24
51,6,47,3
99,123,73,92
52,89,53,68
14,4,11,1
15,24,18,21
70,150,41,114
413,283,337,234
99,100,72,85
72,100,56,82
97,164,71,93
12,49,8,20
0,33,0,20
66,103,66,83
78,300,55,247
1,143,0,110
185,115,163,100
14,0,12,0
61,38,43,24
419,270,354,192
118,48,107,38
44,20,22,14
0,599,0,441
233,100,214,84
53,20,30,28
198,153,190,110
7,30,9,29
81,94,74,70
40,31,24,17
50,31,50,18
78,18,61,25
261,254,177,154
19,8,7,16
28,21,26,12
68,34,67,34
326,327,249,235
21,23,7,16
27,2,25,1
58,27,34,18
128,0,97,0
82,39,66,36
46,12,38,13
42,6,36,6
222,58,162,61
236,103,187,76
42,53,41,42
45,0,41,0
104,62,85,55
27,7,28,11
272,168,242,122
239,284,196,231
85,85,70,72
84,104,71,78
12,30,4,21
6,20,7,19
19,0,19,0
240,100,188,71
166,39,127,37
59,18,36,14
204,171,136,136
27,51,26,31
89,80,78,38
85,0,58,0
28,0,12,0
77,93,54,69
452,213,353,149
242,98,201,89
248,119,220,103
392,152,330,123
80,0,51,0
274,694,236,491
1,28,1,23
65,0,50,0
37,0,37,0
299,277,218,233
249,97,201,80
58,59,31,39
99,39,86,36
110,48,88,45
40,23,29,15
328,229,262,203
181,158,141,114
170,137,144,119
16,2,13,5
50,0,36,1
152,64,99,41
82,39,67,28
141,177,113,151
15,0,13,0
4,29,4,23
78,199,73,140
21,24,20,17
35,56,23,46
165,46,123,45
47,152,60,106
41,53,19,37
163,7,130,3
41,83,25,55
53,55,44,56
122,384,92,288
187,334,157,247
44,28,23,23
10,11,9,4
21,41,23,40
16,32,19,25
5,157,8,107
100,42,78,25
155,121,120,90
16,13,13,8
108,182,75,142
181,152,144,146
225,134,162,108
185,170,136,117
8,2,8,3
274,362,206,258
16,0,14,0
153,198,109,157
6,31,6,24
18,28,11,25
4,12,5,10
67,118,46,89
33,33,31,22
433,673,354,517
110,21,93,24
214,90,180,75
53,35,36,21
379,275,292,217
1,198,0,149
18,21,15,15
26,17,17,22
44,157,29,111
23,99,13,81
368,312,285,218
79,80,34,60
14,33,12,27
28,0,29,0
17,7,18,12
40,18,15,9
19,0,20,0
64,64,49,44
43,51,43,42
29,28,20,16
20,25,18,11
102,54,95,48
27,24,21,19
12,13,12,17
41,47,28,41
66,3,62,2
53,97,59,85
38,84,32,54
24,0,12,0
26,36,19,28
71,81,63,59
23,38,24,24
51,50,32,49
33,27,35,24
29,7,26,9
18,20,7,6
2,199,1,128
117,140,89,95
65,24,81,18
56,17,44,18
13,10,13,8
75,31,67,25
10,59,2,48
34,13,38,13
23,0,26,2
18,5,10,4
248,0,192,0
12,32,10,15
42,27,31,21
12,10,15,9
68,74,50,38
78,120,60,65
67,43,36,24
182,0,154,0
1,14,2,10
22,11,20,12
14,9,8,3
35,11,29,11
195,117,134,80
19,7,13,4
56,33,43,20
32,10,21,2
107,118,84,93
30,3,30,3
12,99,12,68
20,19,10,6
265,587,204,491
15,57,11,31
3,30,4,21
47,40,37,32
25,6,12,8
9,20,1,19
8,200,4,132
28,0,28,0
11,15,12,11
31,146,28,110
33,26,26,31
48,37,36,29
20,4,19,7
102,43,76,36
115,100,103,61
0,35,0,25
3,36,5,22
47,5,41,2
6,9,6,8
55,63,71,62
17,11,12,15
63,146,53,100
4,20,3,16
30,0,20,0
207,24,165,17
39,18,20,9
8,22,3,22
32,41,24,24
106,122,95,80
8,10,10,16
71,0,54,1
23,0,17,0
36,34,20,34
51,0,42,0
22,20,19,13
13,12,10,14
149,107,115,90
13,29,12,15
154,0,140,0
52,17,32,14
68,0,50,0
6,9,6,9
101,45,79,30
67,20,54,15
22,15,14,15
21,33,14,38
46,53,34,33
38,43,29,34
34,26,17,10
108,4,93,3
98,0,71,0
17,11,20,6
83,89,69,79
17,25,12,15
20,7,12,2
4,15,5,12
40,90,29,68
9,5,13,2
6,18,10,21
53,44,40,44
50,69,50,57
131,80,106,67
73,203,75,146
13,0,10,0
17,23,7,10
11,5,10,3
129,212,108,160
221,0,174,1
13,10,8,9
82,58,68,55
7,22,14,11
36,45,26,26
10,77,13,50
39,35,19,25
582,388,434,323
1594,1182,1290,988
125,231,85,175
38,47,33,25
65,66,58,50
45,138,59,102
22,36,20,20
36,47,37,26
23,35,18,18
136,0,110,0
14,2,22,1
25,23,18,15
92,1,83,0
115,64,99,54
17,0,17,0
117,100,93,66
186,118,155,65
111,0,80,0
136,162,138,112
109,82,65,54
1,1143,4,899
2110,870,1720,706
24,41,24,44
401,669,322,534
27,22,16,15
250,292,168,248
9,16,17,16
34,19,33,11
24,12,22,18
92,81,84,86
7,12,11,5
14,2,15,3
17,13,10,19
20,16,18,18
27,21,15,19
18,9,9,5
68,48,52,52
13,47,9,42
1,477,0,349
98,103,88,76
159,210,163,201
42,5,29,5
74,117,62,97
71,129,73,104
414,370,348,262
340,237,255,184
865,1393,657,1088
32,6,23,12
72,51,54,29
130,156,131,109
39,77,29,59
19,0,11,0
16,4,11,1
86,83,84,47
30,8,22,16
27,0,22,0
219,215,175,133
90,122,78,108
17,23,13,19
9,53,7,39
239,316,200,259
122,106,90,70
104,49,79,27
20,0,9,0
13,35,11,27
140,110,124,79
24,20,19,20
20,26,14,28
101,35,73,26
38,23,39,24
306,27,221,26
180,104,124,69
36,22,27,10
89,74,82,66
68,20,54,13
52,1,41,0
44,17,20,15
34,47,43,59
135,45,106,29
660,288,527,200
25,0,15,0
4,14,9,11
34,35,24,31
1,180,1,140
88,123,77,109
8,4,7,0
26,102,17,71
79,48,52,33
54,45,43,47
45,13,41,13
32,31,30,15
27,28,29,26
24,0,6,0
43,37,39,36
205,4,180,5
107,116,60,101
15,69,20,36
42,39,36,37
13,16,8,9
29,40,11,29
28,0,24,0
12,0,9,0
34,32,24,34
50,45,29,37
48,11,33,11
11,0,4,0
18,29,10,25
74,112,68,87
15,4,8,3
132,267,88,205
30,17,24,13
235,805,177,621
17,4,10,2
51,65,46,60
29,28,27,27
79,192,57,151
32,50,18,54
15,9,13,5
43,75,36,47
13,27,10,30
258,205,214,161
58,34,36,18
73,114,42,92
99,120,99,84
6,34,6,23
85,113,74,80
80,77,51,49
115,58,108,37
111,129,107,73
0,96,2,61
116,373,71,254
301,202,275,153
168,7,133,4
20,78,18,70
75,77,62,53
10,30,17,21
67,0,54,0
35,64,36,43
67,0,65,0
9,9,4,5
18,2,13,7
13,63,16,54
30,0,30,0
56,22,51,23
31,26,18,37
53,244,46,191
4,924,5,741
7,10,5,6
40,6,44,2
18,229,8,169
30,70,17,47
2,26,2,20
83,94,77,81
0,15,0,12
35,33,29,17
16,37,22,28
17,3,14,2
22,15,11,20
38,106,31,62
4,41,2,20
116,115,109,105
9,5,7,5
29,8,10,8
5,15,5,20
4,13,4,8
103,181,87,144
15,34,23,21
86,0,77,0
12,0,14,0
39,11,37,4
26,40,18,26
30,29,23,17
203,153,156,104
0,20,0,19
85,34,62,27
49,46,32,45
24,16,30,13
44,0,34,0
0,148,0,127
60,74,40,36
178,79,116,84
18,25,21,24
47,22,44,10
39,65,44,49
0,85,0,94
40,0,26,0
43,16,34,12
21,6,16,3
18,8,16,5
6,10,12,12
18,46,18,25
25,17,17,10
25,26,21,16
79,5,63,2
122,128,92,119
52,18,50,9
20,62,17,48
70,53,58,30
4,118,4,89
270,342,238,258
26,14,23,12
101,90,69,59
47,28,33,30
12,7,13,9
25,13,21,4
10,18,17,15
1,20,3,16
4,677,1,526
92,95,68,47
107,66,114,57
178,180,107,149
28,17,25,18
107,66,105,74
23,26,16,19
165,330,132,269
16,23,12,25
10,46,7,23
566,710,462,511
14,25,12,21
25,3,22,1
25,12,23,7
0,98,0,71
67,28,44,23
10,8,8,13
83,168,43,151
12,20,8,13
67,100,65,73
65,154,57,127
1,34,2,33
101,703,88,591
15,12,10,8
88,61,67,46
111,111,52,103
5,26,2,22
50,47,31,31
71,56,67,36
87,38,53,33
79,70,56,56
0,31,0,31
45,25,42,16
39,47,26,33
86,214,73,154
54,227,44,171
4,34,5,23
104,0,83,0
40,0,35,0
14,21,9,17
83,119,54,98
0,16,1,10
37,69,24,45
107,86,77,82
277,336,222,247
77,37,55,19
146,155,124,152
47,32,33,20
16,14,19,22
50,92,36,67
1,23,1,13
11,15,15,14
66,65,47,48
7,18,6,12
12,10,5,9
36,51,36,40
104,11,90,10
23,10,16,6
82,49,72,39
20,9,17,4
50,3,38,2
0,21,0,15
31,0,19,0
42,6,35,4
46,60,40,39
137,20,116,9
40,228,25,198
13,0,19,0
87,93,68,74
82,134,78,98
32,31,29,18
89,14,75,6
65,135,53,98
129,86,108,70
7,13,6,12
1,35,2,18
12,0,14,0
197,87,155,58
28,591,19,455
161,84,118,72
52,129,45,96
10,16,11,8
1,25,0,25
265,417,224,338
205,240,154,197
69,16,50,18
4,17,7,16
56,18,48,7
145,108,77,94
1,462,0,359
18,0,10,0
20,29,5,36
15,21,15,5
147,94,97,78
4,28,3,20
77,91,47,55
5,25,2,13
52,63,38,57
127,237,100,178
23,44,17,34
72,66,69,53
40,56,38,32
103,122,84,90
118,97,82,83
0,18,0,12
27,46,22,38
35,13,17,8
65,85,64,74
167,225,122,194
32,23,27,13
0,56,0,33
180,52,133,34
10,6,14,9
58,17,45,10
11,17,12,12
35,118,28,82
112,238,77,153
63,122,36,87
92,117,80,70
109,46,74,45
28,42,20,30
385,371,309,314
110,137,80,98
84,74,75,51
1547,1148,1100,829
8,13,0,8
72,190,58,141
239,134,201,96
13,7,12,3
15,21,11,14
88,88,59,63
12,6,11,2
0,99,0,72
31,17,28,10
103,117,92,91
48,25,39,17
161,257,126,216
68,59,64,43
45,16,34,19
64,0,58,0
27,12,32,11
167,69,118,43
12,11,13,11
40,0,29,1
36,34,34,25
137,3,91,2
19,55,10,58
51,48,49,51
139,305,110,233
19,31,25,20
18,51,21,27
75,32,62,17
0,7,0,8
114,52,88,39
41,0,33,0
348,151,288,126
55,5,61,3
16,12,24,7
42,12,34,5
23,7,19,12
185,52,154,40
70,58,40,27
187,309,145,239
32,47,33,48
13,16,7,6
116,454,99,352
53,42,35,39
129,1,97,1
103,44,89,37
22,80,15,62
79,155,59,141
55,0,43,0
175,100,122,97
51,29,53,20
72,54,75,42
135,104,110,86
353,1395,313,1062
33,27,34,26
35,77,32,72
304,46,251,34
28,76,25,46
11,23,5,27
76,40,43,31
75,47,55,52
85,32,54,21
124,0,98,0
15,5,12,6
14,13,13,13
71,3,54,2
70,13,49,12
0,110,1,84
36,7,49,2
38,19,33,33
30,38,27,21
94,85,67,73
40,60,23,30
59,28,47,23
88,129,70,94
0,87,0,72
4,10,1,2
14,15,17,11
40,50,36,46
127,52,94,40
40,0,20,0
12,23,7,27
16,20,6,13
14,48,18,44
13,17,21,12
31,2,16,1
12,5,6,9
12,1,10,0
33,0,30,0
0,22,0,19
52,8,45,5
40,34,29,20
28,8,21,10
23,20,18,12
75,88,42,73
10,23,8,18
233,92,199,80
39,20,21,14
149,48,110,40
28,94,16,61
4,17,5,14
23,5,16,0
119,87,105,89
10,18,7,14
80,46,37,34
9,19,9,21
10,25,10,10
6,19,7,16
15,9,8,5
21,0,13,0
37,62,30,51
141,43,130,31
22,73,12,70
11,8,6,7
26,30,24,19
82,116,66,96
0,21,1,11
26,22,23,9
100,112,75,88
44,33,32,19
159,393,141,296
2,24,4,24
16,0,12,0
21,19,12,13
16,0,15,0
8,13,9,17
68,99,35,66
17,20,9,5
17,43,19,35
95,22,62,23
19,32,14,22
12,0,14,0
0,30,0,29
12,0,10,0
76,5,71,3
138,0,109,0
17,28,15,23
30,0,19,0
102,173,56,120
22,35,23,33
26,5,29,10
9,16,6,18
1,10,2,11
56,46,30,36
2,12,2,12
45,23,29,16
84,33,61,35
133,134,111,109
1,96,0,87
24,12,23,9
78,68,60,57
23,0,11,0
220,250,209,171
24,23,20,18
93,77,92,66
27,31,33,34
168,0,131,0
22,0,17,0
89,197,79,159
48,109,47,72
30,56,25,40
117,12,101,12
15,17,14,12
14,61,11,41
24,8,23,4
21,19,13,16
21,8,29,6
67,117,69,83
100,208,66,148
69,0,71,0
25,27,21,28
76,90,57,75
61,52,52,56
69,68,44,59
89,52,68,34
36,24,31,26
27,26,16,21
152,98,137,76
55,121,43,97
36,4,23,6
14,0,14,0
50,0,35,0
60,40,55,33
112,97,74,62
40,0,34,0
26,0,8,1
53,53,41,49
17,5,17,7
478,325,376,277
114,154,86,117
25,0,23,0
114,35,78,34
20,31,14,23
174,9,147,6
36,19,23,13
1176,1182,936,873
107,62,90,68
35,63,38,42
112,74,97,56
10,0,8,0
69,0,57,0
34,42,41,27
42,13,30,9
68,84,59,54
44,0,32,1
21,11,18,10
19,18,12,13
23,14,11,5
100,30,77,20
14,19,10,10
18,8,17,6
93,0,72,0
259,0,206,0
95,38,55,26
125,139,103,109
27,0,15,0
191,205,161,139
64,17,55,28
26,19,17,17
41,0,37,0
15,12,8,4
176,105,95,76
137,106,118,84
148,80,130,80
10,11,12,17
40,0,26,0
14,0,8,0
214,87,155,81
14,0,8,0
15,0,17,1
122,3,125,3
14,0,11,0
185,386,163,300
0,26,0,27
21,9,9,6
36,53,39,37
22,22,20,16
16,15,27,18
56,1,47,2
1146,0,904,0
23,35,18,36
88,173,71,130
15,0,1,0
18,16,9,9
71,67,50,55
61,73,42,63
15,0,7,0
23,18,30,5
169,154,154,124
38,0,26,0
44,27,29,23
510,535,425,403
30,18,30,6
210,156,158,119
31,11,23,10
69,26,52,20
101,104,91,79
52,43,52,42
14,7,8,7
55,59,41,52
25,1,22,0
101,1,89,4
255,127,223,101
224,221,180,148
239,192,159,156
19,4,16,4
11,6,12,5
17,5,14,4
23,0,11,0
36,16,16,7
5,61,9,38
180,72,129,53
225,0,174,0
13,8,12,7
16,28,18,31
14,43,13,27
73,76,58,53
115,85,70,49
38,2,35,2
40,0,25,2
24,44,25,27
60,42,30,41
12,24,15,10
92,117,63,70
17,16,7,10
59,222,63,205
90,0,73,0
9,22,11,12
19,24,10,13
86,40,57,31
73,80,54,61
42,8,31,15
48,4,20,4
84,92,72,87
851,102,723,99
9,18,5,13
182,0,171,0
139,63,125,55
17,0,17,0
111,428,82,256
209,457,153,348
12,16,8,8
18,15,13,17
164,247,121,199
101,67,85,54
476,308,366,201
11,21,9,27
0,86,0,55
78,77,63,73
66,0,42,0
12,0,6,0
28,1,26,1
18,19,19,18
15,0,17,0
13,70,13,53
75,80,50,57
141,219,121,163
35,75,27,53
62,71,68,39
65,68,56,47
341,312,248,237
16,39,13,25
162,164,130,119
108,733,95,592
105,104,101,84
22,41,14,20
117,35,98,34
141,134,124,118
21,13,15,7
6,30,7,15
59,72,50,59
35,56,35,34
59,69,44,44
43,17,33,9
121,176,94,119
224,516,188,385
80,146,73,101
222,375,185,258
12,13,3,11
0,7,0,4
77,103,66,76
42,13,22,11
48,35,36,28
12,15,8,18
28,41,23,32
131,171,94,105
47,96,37,68
42,17,30,17
24,0,25,0
143,80,112,49
68,46,58,31
75,90,63,53
110,48,76,35
216,269,179,181
23,29,20,17
21,66,25,41
31,5,29,1
92,156,64,126
64,0,53,0
70,77,60,58
41,0,26,0
31,52,24,44
187,297,130,216
629,605,493,464
22,40,17,37
11,8,10,7
42,21,21,14
106,71,88,66
17,14,11,10
13,61,13,54
605,352,491,300
61,226,48,177
0,242,1,159
58,195,44,138
941,423,748,323
33,25,14,22
47,43,42,33
33,11,21,10
57,56,54,55
28,13,28,6
588,895,458,693
5,53,6,35
15,94,14,69
18,27,11,32
12,105,9,62
8,13,5,9
26,0,21,0
39,53,27,50
0,77,1,56
212,176,180,139
38,117,41,95
138,136,88,84
25,5,15,1
69,49,62,43
19476,11343,15284,8876
283,337,204,251
133,99,109,93
175,129,135,87
72,64,33,53
101,0,59,1
35,3,29,1
216,60,191,42
85,86,69,60
50,87,39,69
16,48,16,49
25,2,17,1
232,85,193,65
38,22,31,10
785,457,621,376
3,17,1,15
298,262,251,206
175,173,164,142
48,31,31,29
24,93,19,58
150,260,128,200
110,203,83,146
8,23,9,17
89,32,105,22
51,12,30,9
81,75,78,52
361,199,263,163
0,60,0,53
118,164,89,116
0,15,0,15
51,48,37,39
94,160,83,114
9,17,11,22
114,92,94,64
69,30,34,28
121,105,94,89
27,0,28,0
312,14,260,5
85,76,61,55
0,160,0,110
40,49,33,31
554,403,427,307
76,72,52,38
5,18,4,15
23,0,20,0
17,11,12,5
77,121,66,88
594,461,508,306
175,247,149,186
12,26,12,21
118,103,83,93
76,105,54,66
66,12,50,8
50,50,52,38
21,29,6,33
0,49,0,33
20,23,15,10
21,32,12,29
61,54,50,39
34,100,34,75
118,120,88,118
47,35,39,29
14,25,16,17
29,0,18,1
133,63,120,57
44,27,31,14
160,109,149,78
131,45,116,26
23,13,14,9
123,266,95,187
88,162,68,127
27,12,31,10
59,86,45,65
45,45,42,38
1,36,4,25
43,26,27,17
120,174,110,141
29,13,19,10
203,269,181,205
9,19,11,13
90,150,77,134
25,13,18,9
61,137,50,90
10,5,8,8
15,17,13,13
17,27,17,15
15,25,11,16
68,46,47,43
51,45,40,29
38,45,29,29
46,52,37,36
45,1,29,0
45,73,38,63
17,74,6,50
15,21,11,31
36,6,36,8
31,44,20,32
117,140,92,102
11,11,8,9
73,42,50,38
116,92,80,78
77,47,67,56
19,22,21,19
11,0,12,0
22,0,16,0
0,90,0,50
380,214,279,159
28,52,24,31
8,13,4,10
14,26,16,19
1,16,2,10
914,389,687,303
51,45,60,34
40,0,17,0
36,59,22,31
435,452,347,375
53,66,58,39
29,66,33,46
18,0,15,0
219,229,180,183
18,10,21,3
68,23,70,13
5,12,7,17
19,12,11,3
40,43,43,37
446,411,337,329
0,56,0,25
156,207,128,163
0,102,0,86
156,68,118,57
28,45,16,30
97,3,110,2
432,951,333,742
15,19,15,15
61,58,51,63
109,62,82,31
69,88,62,52
59,25,41,13
139,77,98,54
62,12,46,14
89,140,71,101
64,51,50,49
2171,2091,1657,1647
141,131,89,98
399,437,347,360
342,259,254,191
33,18,34,16
372,218,339,210
205,20,180,14
8,0,11,0
88,1,63,0
217,275,170,210
43,40,35,36
30,29,25,20
19,0,6,0
35,21,28,24
111,457,113,407
24,19,10,18
31,21,15,14
277,126,230,91
5,37,5,29
40,13,32,12
16,9,15,3
187,181,166,149
172,2,148,6
107,408,81,303
118,75,108,58
421,168,333,135
10,7,4,3
28,11,28,17
41,4,26,4
79,226,54,149
141,273,114,186
9,6,13,4
101,115,75,79
19,27,12,21
11,7,11,4
45,31,33,20
25,50,14,26
184,5,140,3
131,79,88,61
23,2,13,3
181,83,118,48
40,13,36,18
96,28,82,24
251,128,253,81
83,293,51,229
44,29,17,22
18,0,10,0
106,71,82,74
76,34,55,20
11,82,12,77
22,0,17,0
42,42,30,29
23,0,16,0
21,32,17,25
122,186,141,146
1,189,1,144
11,3,7,2
33,0,25,0
61,0,56,0
6,17,7,20
238,210,171,146
13,18,11,10
1,51,0,32
26,3,21,5
119,181,92,156
119,472,87,333
87,65,54,43
20,0,8,0
21,154,17,102
601,0,455,0
40,57,32,42
1,18,2,19
78,81,44,44
52,30,24,41
20,31,12,23
73,56,66,31
38,0,44,0
68,20,58,21
22,17,19,10
70,27,72,28
47,48,37,33
81,46,61,40
21,0,18,0
20,15,22,7
12,2,10,1
40,0,40,0
16,11,10,7
0,60,1,30
122,0,95,0
15,0,10,0
26,5,29,3
14,7,8,4
145,210,121,157
151,106,137,82
39,20,34,17
40,21,36,14
7,15,4,15
13,37,13,23
19,15,30,9
9,47,13,33
95,7,71,7
86,60,63,44
16,109,15,93
60,83,47,62
137,3,111,2
25,25,26,19
106,0,92,1
409,10,329,10
150,136,112,88
18,13,24,12
97,88,91,59
19,0,17,1
101,89,66,88
15,16,6,13
38,28,26,12
14,18,16,12
133,115,103,93
17,13,14,19
610,419,463,377
25,30,17,17
23,0,13,0
5,27,6,14
37,79,21,66
44,25,35,20
13,7,8,4
12,31,17,22
42,3,37,1
71,0,76,1
0,10,0,11
13,0,12,0
37,40,20,27
19,5,7,4
8,16,8,8
85,183,57,142
4,16,11,15
49,27,53,22
36,0,33,0
400,360,315,308
31,60,23,33
31,22,18,16
4,61,5,42
15,33,11,31
15,20,10,22
10,12,9,8
35,43,22,25
0,121,0,96
189,25,167,17
93,125,64,91
752,331,617,245
88,28,78,29
109,0,73,0
37,24,21,16
67,77,37,39
10,15,12,8
64,116,58,86
11,13,11,12
62,65,51,58
35,0,25,0
24,34,22,25
8,1,11,3
36,0,31,0
136,80,123,77
47,62,46,43
260,576,209,525
2,20,1,13
0,30,0,24
33,57,19,43
10,40,4,23
4,32,3,19
84,93,69,71
451,484,362,327
14,20,18,15
113,78,83,65
119,166,93,143
291,664,236,498
12,16,4,10
292,169,226,140
14,5,8,8
13,2,13,0
18,10,17,3
177,77,135,59
48,39,37,21
92,125,75,95
361,362,330,275
159,129,132,100
116,102,89,62
26,43,27,28
26,18,15,12
174,1384,160,1073
169,262,123,180
48,69,46,65
3,18,4,13
57,92,63,53
40,78,28,57
14,52,10,35
70,118,68,82
14,1,5,1
17,12,16,14
47,64,60,40
145,226,107,177
23,0,20,0
35,16,24,12
6,99,6,94
3,19,2,12
307,255,233,170
6,17,5,16
61,71,53,64
45,0,30,0
172,114,137,110
127,104,129,76
107,77,68,51
45,17,31,12
40,33,44,22
59,63,49,44
22,0,13,0
50,97,40,101
78,111,58,103
29,21,36,18
65,0,51,0
32,104,17,79
91,41,78,33
13,75,17,54
1,19,4,11
17,9,16,6
54,31,33,30
13,9,10,13
66,59,57,47
16,10,11,13
25,15,15,8
5,11,11,6
11,12,18,8
2,13,2,10
55,51,37,43
28,129,24,77
39,0,30,0
22,1,15,0
144,36,108,28
153,141,129,112
18,11,28,5
37,47,34,36
31,23,22,16
16,2,13,5
55,20,54,29
57,57,45,57
261,194,223,147
21,38,10,16
3925,1058,3064,866
60,0,47,0
367,159,305,111
183,178,162,130
33,51,21,43
18,13,23,5
23,37,15,26
1279,934,983,682
149,210,125,139
49,21,45,9
22,19,13,7
10,13,19,18
64,0,32,0
121,222,113,159
63,0,67,0
0,55,0,51
43,12,30,14
52,65,43,62
8,30,12,17
11,7,6,2
10,7,12,8
32,36,24,29
98,113,106,104
149,1,133,0
284,23,199,20
61,79,44,90
44,66,28,55
17,195,20,140
10,1,9,0
83,154,76,119
201,345,146,246
12,3,8,7
210,65,175,60
39,35,30,25
65,0,35,1
68,38,41,38
128,89,100,69
26,5,18,5
3,7,1,4
23,69,16,44
9,12,5,16
16,21,13,16
82,165,54,123
371,288,329,243
28,4,23,2
103,3,86,1
4,0,12,0
68,33,70,25
376,142,316,139
32,56,37,27
32,61,34,39
1059,789,815,636
21,44,20,37
229,198,165,127
152,81,130,57
81,40,59,46
7,13,8,8
29,68,35,53
23,37,26,23
30,72,34,43
48,207,43,156
19,26,26,18
0,109,0,75
203,127,154,93
19,167,14,122
17,15,20,12
109,136,86,112
246,845,174,639
101,67,78,60
49,13,28,11
10,11,6,7
36,30,24,24
58,155,40,117
33,17,24,25
64,133,45,103
16,19,12,14
16,25,17,22
6,9,6,11
84,121,63,80
14,57,18,49
51,24,42,16
46,9,39,7
37,0,34,0
19,57,11,44
12,238,11,176
40,2,20,1
24,0,20,0
473,227,377,156
222,181,182,131
27,1,29,3
146,156,126,111
20,0,23,0
16,41,17,16
14,6,20,8
14,35,16,23
45,29,26,15
29,0,19,0
42,30,42,14
26,27,15,23
76,1,56,0
19,104,23,78
76,83,64,33
52,28,39,19
360,278,288,230
29,43,21,32
39,26,25,25
10,5,6,3
12,13,8,13
9,30,5,22
29,22,24,18
4,10,4,9
53,82,50,56
1,114,0,82
18,13,24,12
97,43,59,43
103,0,60,0
11,17,12,16
30,11,14,4
32,0,33,0
57,380,32,269
56,59,59,39
65,180,28,154
23,5,16,11
9,83,11,70
24,0,14,1
11,15,12,8
94,11,63,8
2,11,2,15
131,185,87,156
283,82,236,43
21,10,14,5
199,153,175,106
17,8,9,3
159,130,111,105
28,38,35,30
126,28,65,18
223,67,174,36
35,26,37,16
59,101,37,73
56,24,38,27
37,19,38,14
74,113,55,104
16,52,10,38
32,0,20,0
15,40,19,30
24,17,24,12
23,36,18,23
393,444,318,346
158,17,129,19
14,25,5,11
66,91,46,72
79,102,71,59
15,36,26,22
0,115,0,82
30,2,32,1
109,15,65,9
116,34,73,40
135,34,134,26
48,57,53,46
101,150,93,121
4,16,5,9
61,109,64,77
12,17,2,11
1,227,0,193
187,74,133,52
37,0,22,0
25,25,23,26
33,98,31,97
23,33,25,33
12,17,9,10
195,119,165,116
451,445,340,345
89,83,66,64
1814,3,1407,2
162,95,122,89
81,0,70,0
304,298,234,232
36,0,32,0
121,184,91,126
6,10,1,15
446,206,382,148
278,453,257,346
596,733,491,549
125,144,77,119
105,59,85,52
67,135,67,86
7,11,8,10
24,29,25,21
14,7,13,2
46,24,44,13
75,25,58,21
254,361,212,285
137,143,78,104
55,41,41,34
233,108,166,86
10,8,9,6
25,3,20,2
61,52,47,32
135,164,128,141
97,0,85,0
293,353,221,268
65,120,56,90
112,119,81,93
12,12,9,7
7,22,4,17
15,21,14,13
68,0,40,0
38,22,27,22
90,35,62,19
44,13,46,2
0,79,0,59
52,0,29,0
17,28,20,24
98,46,88,44
18,14,23,15
0,15,0,10
174,22,137,18
64,0,56,0
297,126,221,99
108,140,58,129
22,15,23,9
24,83,11,59
16,2,8,0
172,37,140,42
59,75,36,48
393,101,286,69
12,1,14,1
388,217,311,185
37,176,39,139
45,209,41,174
339,397,270,309
29,72,18,58
129,78,102,66
120,104,127,73
137,207,113,166
138,99,129,71
36,4,19,5
148,118,127,101
110,77,89,78
222,233,196,151
37,8,28,4
291,466,207,330
32,17,27,9
428,394,338,293
27,14,23,15
226,164,153,130
232,181,207,124
65,28,47,18
451,267,343,159
6822,3000,5485,2225
70,0,52,0
696,846,501,636
147,208,123,145
48,170,39,137
20,20,20,12
105,0,80,0
157,95,114,73
170,64,135,59
106,1,108,0
55,48,67,32
10,19,6,11
73,48,51,32
1,37,0,41
29,30,16,25
30,0,25,0
25,0,11,0
14,15,12,9
0,12,1,13
297,401,240,258
4,15,8,7
10,90,10,67
3,48,4,37
367,388,348,304
0,13,0,16
36,39,20,22
17,9,16,5
188,204,149,171
27,36,14,29
36,39,35,24
51,13,38,14
47,54,38,54
329,294,230,232
275,346,232,278
57,13,40,12
70,63,74,40
56,147,27,88
96,44,71,21
108,68,90,57
16,22,15,19
17,308,8,213
22,8,14,7
7,84,10,76
89,89,76,60
42,0,11,0
119,87,108,55
48,5,30,4
16,17,10,9
10,15,8,14
16,26,19,33
126,0,120,0
27,633,17,492
86,62,68,51
21,2,9,0
10,37,9,23
41,64,30,52
12,0,13,0
69,80,58,74
46,9,27,9
14,0,13,0
45,1,50,3
360,321,276,248
146,132,132,108
28,27,25,20
38,12,36,8
56,5,58,6
11,24,6,21
54,92,48,63
14,1,14,6
136,128,101,89
186,59,152,35
135,130,93,101
15,21,11,12
48,58,39,47
85,0,71,1
32,31,29,20
40,7,16,1
868,882,764,668
17,0,16,0
63,65,52,62
15,11,7,12
18,0,8,0
73,39,54,22
13,0,9,0
18,27,8,20
52,87,41,81
74,166,67,145
23,15,22,10
101,13,79,9
0,42,0,33
30,35,31,24
47,56,56,43
26,22,19,20
17,0,15,0
7,47,3,33
12,44,19,34
5,21,6,19
90,195,54,159
38,66,44,49
176,170,142,137
11,0,10,0
62,36,47,25
138,157,97,114
111,149,69,132
175,84,100,48
112,72,85,49
66,61,59,53
70,19,55,13
228,80,182,63
403,587,306,473
29,55,30,48
54,18,41,18
59,101,54,85
70,0,63,0
0,12,0,5
48,47,33,45
114,0,113,0
15,22,16,9
51,0,59,0
92,124,69,90
1112,1049,884,819
23,15,16,11
92,21,76,22
6,28,15,25
48,0,42,0
201,117,169,107
12,19,12,14
5,156,6,133
70,104,51,59
51,194,39,151
26,16,15,10
116,123,112,103
29,0,13,0
154,146,104,146
0,18,0,8
62,92,62,71
41,116,54,118
36,41,33,37
42,13,44,21
0,29,0,26
23,0,15,0
36,79,35,43
18,0,11,0
7,12,6,7
9,4,11,6
51,0,40,1
12,31,24,22
125,29,108,32
65,71,62,45
54,25,54,21
57,118,47,82
0,52,0,36
58,14,53,10
44,48,27,38
10,44,7,20
13,30,7,27
463,438,330,314
59,22,58,8
83,63,54,43
251,266,214,211
134,66,115,65
88,74,79,46
13,26,16,23
127,74,100,58
0,13,0,9
43,0,27,0
176,191,122,139
25,0,12,0
12,1,18,3
49,49,38,38
0,79,0,53
40,65,21,67
257,291,172,189
26,25,23,25
31,63,31,36
53,31,33,19
12,0,18,0
27,12,36,8
24,21,20,12
53,78,45,53
6,9,5,7
29,0,32,0
28,21,21,19
424,461,366,380
35,23,30,12
11,9,7,7
34,34,22,16
43,19,36,15
27,227,25,145
14,7,15,17
35,18,40,15
81,0,74,0
79,1,61,0
38,51,54,47
14,17,10,15
220,215,165,165
62,0,81,2
56,0,48,0
62,24,48,14
40,0,33,0
32,5,13,2
10,28,14,17
135,54,132,42
3398,1460,2710,1089
602,54,446,44
57,30,32,37
92,82,70,43
20,0,22,0
24,11,17,13
18,23,11,21
10,1,10,0
0,14,0,9
142,230,131,175
26,49,34,45
108,188,85,148
136,0,101,0
5,24,4,20
91,0,80,0
0,110,0,64
34,6,21,5
20,0,24,0
0,41,0,36
88,67,72,62
4,21,2,7
40,0,22,0
62,32,41,27
66,30,47,17
0,180,1,145
24,0,14,0
0,17,0,13
97,101,74,76
91,40,69,26
0,125,0,103
48,0,54,0
28,30,29,22
20,8,17,6
15,2,16,3
0,15,0,11
41,14,28,12
49,99,34,78
10,19,10,12
23,11,15,9
0,17,1,10
16,6,22,9
361,173,284,160
152,14,126,17
17,449,16,344
37,0,28,2
143,252,107,179
49,42,44,36
9,0,9,0
0,15,0,12
28,37,23,31
47,416,57,285
124,79,96,60
0,46,0,44
32,38,21,33
15,29,16,23
50,36,36,28
110,172,110,108
32,23,28,14
0,19,0,14
22,32,18,21
50,92,32,87
220,378,199,302
98,56,68,36
2,40,4,35
84,152,50,116
25,30,16,12
44,25,39,16
78,0,68,0
105,132,89,124
80,90,77,78
67,19,53,21
134,282,107,195
37,59,32,35
0,110,0,88
115,168,106,114
329,291,275,262
3,18,2,25
59,21,47,32
7,25,4,27
23,15,22,11
211,108,175,58
16,60,17,45
1,40,0,46
71,77,51,37
5,18,6,15
132,0,125,0
36,0,30,0
207,271,163,182
84,77,57,61
168,215,140,168
1,34,1,29
40,138,34,123
140,230,87,187
2,12,1,11
14,18,10,9
106,30,73,39
146,154,115,106
56,110,59,89
55,164,35,129
52,7,40,6
55,22,37,14
0,263,1,211
17,0,15,1
213,184,176,124
25,12,23,9
0,11,0,13
224,188,167,151
48,15,23,11
15,27,15,15
62,7,66,10
209,789,175,573
29,0,41,0
63,50,66,42
27,21,27,12
19,9,13,9
114,71,89,64
27,19,22,18
28,25,17,20
73,161,65,131
12,3,13,3
42,153,22,120
29,26,18,29
9,20,10,12
599,539,474,421
6,12,12,7
20,4,10,4
131,132,111,94
2,38,0,22
8,9,4,7
0,16,0,2
1,18,1,22
21,27,15,22
246,286,165,227
21,17,26,15
0,15,0,6
9,12,10,15
15,11,12,11
24,7,22,13
16,4,11,0
16,16,11,13
0,28,0,14
23,76,26,58
51,192,43,137
137,68,101,54
30,0,35,0
97,83,75,58
31,0,20,0
28,6,9,8
202,0,159,0
23,28,23,18
160,97,119,73
18,0,17,0
106,70,89,60
44,0,42,0
15,0,13,0
17,37,15,26
16,7,14,5
15,58,10,30
22,14,13,4
25,62,20,48
60,5,48,2
187,327,154,245
62,96,50,82
46,93,46,67
167,0,121,1
271,227,240,171
93,58,82,31
22,2,28,3
21,13,15,16
54,6,32,3
212,78,193,56
39,66,42,62
1,30,0,37
193,191,147,147
36,0,32,0
77,1,61,1
25,3,27,1
89,211,92,159
51,22,28,20
235,315,153,244
27,0,20,0
2,6,1,14
144,0,89,0
12,13,4,9
14,7,14,3
64,0,46,0
286,167,187,101
55,25,42,17
335,241,249,187
39,14,40,15
22,25,11,21
275,86,222,51
104,149,100,136
47,19,28,12
174,0,147,0
8,11,4,7
11,5,13,1
57,34,26,26
11,12,6,9
0,31,0,39
51,30,34,26
14,0,13,2
7,0,15,1
1,62,1,59
7,23,15,21
14,21,9,19
100,35,92,23
41,0,28,0
120,175,73,146
12,17,14,11
12,0,13,0
175,279,145,224
30,8,21,5
61,99,41,57
1,178,1,149
775,2,644,2
49,49,37,33
206,209,159,145
6,6,8,5
21,39,23,27
0,39,0,37
280,164,212,122
22,50,16,34
22,158,22,129
49,16,35,8
51,88,34,67
0,24,0,18
28,12,11,8
14,13,22,13
77,12,73,11
66,52,35,33
58,76,45,47
20,53,24,32
75,81,65,76
577,540,467,437
42,0,34,0
12,0,13,0
0,22,0,14
15,1,11,0
9,8,7,6
11,15,5,7
192,96,196,71
130,312,102,240
75,41,47,29
147,66,123,40
16,2,9,5
45,11,41,13
47,31,50,25
23,18,12,11
649,267,506,207
54,48,41,36
62,225,59,153
194,19,161,16
117,0,81,1
57,42,34,32
23,131,16,124
25,37,16,21
41,13,46,10
21,10,15,9
0,193,0,128
14,1,9,2
163,1,142,0
40,37,37,34
13,0,13,0
87,106,76,88
9,24,9,17
7,9,7,13
73,66,46,37
12,13,10,10
6,31,8,26
36,215,22,160
160,203,111,150
16,7,11,7
343,112,299,81
69,109,48,65
177,236,172,157
33,37,28,33
35,10,25,7
283,307,222,227
4,11,10,3
10,23,12,6
19,45,12,58
193,80,138,68
1956,1908,1472,1438
147,153,119,116
62,41,52,31
149,222,116,190
51,43,43,26
53,417,49,327
9,14,8,6
204,117,165,103
20,65,11,40
5,78,1,37
63,77,49,63
33,28,32,22
76,33,74,28
20,7,12,6
32,29,29,19
33,2,19,1
0,112,0,80
32,49,39,35
66,238,75,181
83,50,81,27
18,33,23,21
120,74,79,51
79,104,63,72
2,39,0,16
18,48,24,25
78,0,56,0
15,7,9,4
29,11,12,15
12,34,12,23
21,14,15,6
83,22,76,8
37,6,37,4
150,79,117,64
36,38,20,29
31,31,37,25
3,8,3,9
4,6,2,7
214,117,186,64
317,159,237,109
37,0,40,0
69,70,56,42
44,1273,39,1050
30,21,18,12
156,106,108,77
108,0,86,0
18,42,14,36
99,27,70,25
6,6,6,6
9,0,11,0
82,39,73,26
22,50,15,36
3,69,4,76
12,24,13,21
23,14,15,4
22,20,18,14
41,19,40,19
23,24,20,26
18,288,12,256
493,396,426,310
18,32,13,32
19,43,15,23
145,93,122,74
38,22,26,20
25,25,18,17
64,57,47,39
96,83,75,54
106,146,86,109
76,176,56,133
262,343,229,281
132,2,88,0
7,11,17,8
33,3,15,4
33,21,40,18
3,50,1,26
10,11,8,13
3,17,2,12
15,11,13,6
18,20,11,10
327,3,221,2
27,22,22,21
25,2,9,0
306,258,248,174
213,79,186,76
27,29,27,17
42,67,30,53
32,0,36,0
70,42,48,24
45,15,33,8
114,188,83,159
110,64,105,39
191,262,190,188
23,12,21,9
54,71,50,57
50,14,42,12
1179,1801,934,1470
27,34,21,30
48,0,34,2
256,194,209,157
201,5,142,4
6,5,5,7
80,93,60,98
471,16,400,14
26,25,16,24
63,213,36,170
0,35,0,30
44,53,53,53
706,1625,582,1220
80,1,67,2
39,1,45,0
568,584,460,422
186,457,162,346
10,11,12,10
185,0,173,0
49,97,34,79
423,984,319,743
50,66,42,58
10,0,10,0
30,9,22,9
132,244,100,203
59,55,37,33
20,18,7,12
742,1641,573,1261
1316,3010,1084,2218
201,112,154,87
48,101,42,84
81,144,73,83
304,502,247,398
482,307,400,231
214,115,163,82
67,74,41,52
114,15,95,10
11,3,15,3
188,152,133,113
145,83,125,67
23,4,21,1
23,37,11,30
443,689,316,561
10,0,8,0
77,11,46,6
33,22,19,13
13,8,11,2
172,21,150,21
26,16,18,10
14,3,12,4
55,39,48,28
96,0,80,0
51,48,33,41
16,0,13,0
39,1,35,2
38,41,39,28
112,160,91,110
37,71,24,44
138,120,106,114
17,37,15,30
25,30,17,17
0,27,0,29
0,379,3,310
26,18,27,11
28,14,12,13
64,40,44,31
15,5,13,7
22,0,30,0
221,61,174,47
13,46,14,30
35,49,30,27
45,36,47,33
5,11,7,11
38,82,26,46
15,0,11,0
5,14,5,16
83,105,58,68
35,29,18,13
33,40,34,36
16,16,19,11
53,10,53,14
2,7,0,10
17,57,32,53
27,40,19,40
104,2,93,2
59,58,58,46
21,3,31,4
5,97,4,65
330,373,232,294
65,6,66,6
17,25,27,10
234,163,226,123
23,0,18,0
0,23,0,14
64,0,46,0
12,2,5,3
2,9,0,10
79,22,58,13
3,10,1,7
83,49,53,26
74,34,60,25
46,0,24,1
0,195,0,142
21,23,19,21
38,37,20,21
17,6,10,5
46,49,28,25
27,27,35,20
29,33,37,29
18,10,8,11
61,45,33,50
64,35,46,26
19,15,12,7
68,20,64,14
31,2,14,4
61,0,37,1
16,2,20,3
180,583,134,472
178,138,144,137
15,0,14,0
194,359,189,267
36,8,21,6
76,83,54,66
199,206,161,146
18,12,9,18
30,25,23,24
18,11,25,7
2,740,2,633
53,447,42,322
80,24,57,13
109,73,90,52
34,73,34,47
60,109,46,78
35,41,23,35
60,84,62,43
158,52,109,36
138,119,104,97
0,119,0,81
2,41,0,23
13,0,17,0
17,0,17,4
70,156,47,96
11,4,16,7
26,43,35,36
65,34,44,31
0,17,0,14
20,0,24,0
23,9,15,5
10,17,7,21
10,12,7,9
19,45,11,35
2,19,5,16
12,32,9,21
74,29,39,25
199,140,136,102
17,17,20,2
13,10,7,5
18,10,11,8
7,9,4,8
35,29,29,26
82,189,66,129
85,58,53,39
49,0,50,0
43,42,29,44
379,752,295,596
8,12,7,11
22,11,18,6
4,17,5,22
8,0,9,0
791,772,639,577
312,78,265,61
34,54,34,41
12,10,3,10
41,57,47,39
16,16,13,13
81,85,72,50
0,15,2,8
28,16,18,12
0,25,0,10
27,201,24,154
14,0,16,0
19,37,18,24
47,50,48,35
15,20,8,13
45,51,32,39
26,10,17,5
309,90,218,65
59,9,47,12
27,32,30,23
29,2,14,0
5,14,6,6
19,16,9,16
17,4,12,3
0,53,0,38
47,96,29,53
226,280,172,200
14,11,9,3
2,22,4,19
48,20,50,18
4,13,5,6
2,14,1,13
81,117,82,90
23,60,15,65
21,32,19,19
30,14,24,16
78,31,55,15
60,49,44,37
13,3,9,2
24,20,20,18
0,66,0,40
23,46,19,27
39,97,32,74
88,2,72,4
7,30,3,12
0,51,0,45
14,27,13,20
11,30,14,15
26,44,11,40
161,55,135,67
35,34,19,35
14,0,7,0
24,24,19,12
18,4,22,8
11,17,17,15
35,1,29,1
35,96,24,61
0,36,0,39
1,16,0,6
40,59,32,24
10,0,9,0
14,17,11,9
127,112,92,71
26,90,22,75
12,25,8,14
27,0,18,0
6,10,13,9
0,61,1,68
15,101,13,90
13,16,12,15
23,0,17,5
144,999,111,766
19,19,10,10
10,7,10,8
18,19,17,20
2,9,3,11
26,0,27,0
0,20,0,11
43,0,28,0
21,18,20,7
18,14,8,11
46,57,45,52
41,52,35,32
24,0,21,0
27,4,40,0
10,10,10,8
110,82,85,87
92,15,70,3
201,99,137,85
38,45,23,34
19,0,14,0
23,10,14,5
0,13,0,8
11,0,11,0
3,12,3,11
40,19,25,26
81,0,78,0
13,3,11,5
25,58,15,50
55,3,44,1
15,0,20,0
20,20,7,24
399,240,328,191
9,25,6,10
271,210,240,165
1,26,1,22
