"","V1","V2","V3","V4"
"1",36,37,0,0
"2",8,16,12,18
"3",26,30,17,11
"4",18,25,0,0
"5",121,104,61,49
"6",53,42,50,39
"7",11,11,11,6
"8",2,2,36,36
"9",32,18,23,24
"10",130,124,118,107
"11",122,125,14,6
"12",70,57,1,3
"13",150,135,101,103
"14",24,34,0,0
"15",54,69,74,55
"16",85,77,85,93
"17",155,137,61,69
"18",36,36,35,34
"19",342,350,101,62
"20",369,376,449,422
"21",43,45,0,0
"22",253,224,62,74
"23",107,99,47,46
"24",45,34,28,18
"25",44,35,55,46
"26",6,7,57,60
"27",302,280,319,302
"28",24,15,0,0
"29",1,1,167,157
"30",77,59,16,23
"31",18,21,0,1
"32",232,237,118,106
"33",7,10,30,32
"34",24,20,52,53
"35",12,17,0,0
"36",15,27,82,77
"37",17,18,0,0
"38",84,82,7,8
"39",239,194,105,103
"40",76,75,90,70
"41",30,22,0,0
"42",36,35,24,19
"43",155,146,98,65
"44",91,83,1,2
"45",225,242,264,234
"46",52,53,31,40
"47",204,220,220,216
"48",20,34,9,9
"49",958,962,772,669
"50",21,13,51,44
"51",68,70,0,0
"52",1,1,527,458
"53",12,10,16,11
"54",222,214,143,123
"55",109,131,87,77
"56",17,17,16,12
"57",6,5,48,50
"58",93,78,98,68
"59",8,7,5,13
"60",4,2,3,1
"61",35,34,1,0
"62",23,26,0,2
"63",9,14,0,0
"64",48,37,39,31
"65",21,21,68,47
"66",29,22,0,0
"67",25,36,5,3
"68",61,60,1,2
"69",95,97,24,21
"70",72,65,41,40
"71",53,33,48,40
"72",37,43,19,15
"73",145,150,138,129
"74",25,23,17,19
"75",30,38,0,0
"76",498,484,576,560
"77",17,14,14,17
"78",64,42,17,13
"79",21,18,6,12
"80",30,20,6,6
"81",88,87,0,0
"82",7,12,28,19
"83",55,65,3,6
"84",235,273,148,150
"85",746,694,584,516
"86",13,12,0,0
"87",231,248,106,104
"88",87,82,63,57
"89",38,15,61,54
"90",12,16,17,17
"91",2,7,18,11
"92",58,72,63,47
"93",2,10,1015,921
"94",31,29,5,10
"95",26,20,35,23
"96",210,169,7,4
"97",204,192,166,146
"98",119,127,79,57
"99",24,40,0,1
"100",226,211,184,165
"101",574,570,377,332
"102",4,5,14,9
"103",11,16,8,10
"104",117,117,70,63
"105",31,29,10,13
"106",78,63,0,0
"107",291,278,194,190
"108",74,63,102,85
"109",250,241,262,213
"110",17,14,0,0
"111",12,20,0,1
"112",7,11,25,22
"113",20,16,0,0
"114",55,51,0,0
"115",1,3,466,454
"116",13,6,9,5
"117",46,57,29,26
"118",75,65,33,28
"119",32,32,7,4
"120",44,36,43,54
"121",119,118,133,110
"122",17,32,1,0
"123",340,339,270,304
"124",15,11,8,7
"125",14,18,6,8
"126",153,154,125,125
"127",248,236,152,143
"128",36,34,9,11
"129",0,1,158,134
"130",136,144,219,203
"131",10,14,13,6
"132",25,33,13,16
"133",26,19,19,33
"134",159,157,119,106
"135",12,26,13,9
"136",37,44,17,23
"137",17,10,1,0
"138",173,138,124,126
"139",23,14,16,8
"140",12,12,5,2
"141",25,18,9,1
"142",121,118,70,63
"143",1,4,339,269
"144",114,112,106,81
"145",23,14,12,9
"146",104,106,267,200
"147",349,348,86,82
"148",32,36,20,12
"149",396,379,173,171
"150",34,21,6,19
"151",105,115,121,101
"152",110,132,206,197
"153",36,32,33,27
"154",122,99,99,97
"155",17,25,26,25
"156",40,40,7,6
"157",478,464,44,48
"158",94,119,85,76
"159",8,19,0,0
"160",82,96,147,112
"161",104,94,206,217
"162",18,22,14,15
"163",71,64,60,56
"164",0,1,66,74
"165",16,12,0,0
"166",22,26,7,6
"167",31,15,14,5
"168",89,89,35,44
"169",17,19,4,5
"170",440,451,417,418
"171",99,102,17,21
"172",79,99,59,68
"173",28,21,0,0
"174",30,19,0,1
"175",40,36,12,12
"176",143,157,105,112
"177",72,58,100,89
"178",17,21,0,2
"179",56,53,43,34
"180",115,105,78,40
"181",20,25,8,3
"182",20,14,0,0
"183",1345,1279,286,271
"184",1181,1082,1,1
"185",24,27,91,84
"186",25,23,8,13
"187",6,13,15,7
"188",12,11,0,0
"189",41,47,27,20
"190",38,40,0,0
"191",35,39,17,10
"192",187,178,52,62
"193",0,0,23,27
"194",1,1,14,17
"195",12,10,13,14
"196",38,58,0,0
"197",53,46,0,0
"198",10,8,10,12
"199",15,19,2,9
"200",30,33,0,0
"201",48,52,5,2
"202",55,45,17,18
"203",6,12,10,7
"204",23,23,35,32
"205",63,61,45,51
"206",150,145,35,23
"207",5,4,8,10
"208",128,128,21,27
"209",119,125,39,46
"210",209,200,198,156
"211",24,21,52,41
"212",91,102,383,351
"213",13,21,2,0
"214",69,65,56,47
"215",37,53,0,0
"216",14,11,58,62
"217",17,29,19,8
"218",146,125,0,0
"219",54,52,57,58
"220",103,107,40,37
"221",566,524,1,1
"222",8,5,15,14
"223",110,129,0,1
"224",29,43,23,5
"225",25,22,19,14
"226",12,13,11,12
"227",220,232,125,150
"228",27,25,13,17
"229",56,63,54,54
"230",11,11,4,2
"231",14,7,106,104
"232",62,68,35,24
"233",20,26,0,0
"234",35,33,14,11
"235",29,26,0,0
"236",14,13,26,14
"237",112,99,83,65
"238",288,282,175,189
"239",88,77,111,125
"240",44,42,38,29
"241",50,41,70,70
"242",60,69,53,60
"243",198,190,143,136
"244",126,123,106,76
"245",38,42,21,25
"246",191,160,694,668
"247",109,118,103,79
"248",46,53,2,4
"249",208,199,238,180
"250",44,42,15,12
"251",13,13,27,27
"252",133,117,73,50
"253",22,20,16,23
"254",165,193,60,62
"255",173,167,29,35
"256",527,515,376,356
"257",58,44,23,25
"258",68,48,87,66
"259",7,7,15,15
"260",365,310,164,133
"261",38,38,1,4
"262",77,85,135,108
"263",1048,1085,988,919
"264",302,299,404,409
"265",68,49,28,35
"266",37,44,29,25
"267",88,90,13,23
"268",25,24,34,35
"269",128,137,68,79
"270",15,14,1,0
"271",30,51,1,3
"272",83,61,1,0
"273",270,226,210,214
"274",34,34,67,85
"275",203,204,41,60
"276",278,257,245,216
"277",9,12,137,134
"278",122,127,125,117
"279",111,101,62,56
"280",306,251,330,331
"281",34,38,5,4
"282",41,41,36,26
"283",22,20,16,14
"284",802,783,397,348
"285",58,54,0,0
"286",57,35,49,34
"287",95,102,108,94
"288",219,241,124,92
"289",152,147,217,169
"290",102,90,293,292
"291",169,163,170,148
"292",49,54,37,26
"293",60,57,56,46
"294",65,38,7,6
"295",38,24,9,7
"296",7,7,13,22
"297",45,48,0,0
"298",52,47,4,6
"299",5,3,34,28
"300",277,292,353,295
"301",40,34,30,22
"302",588,601,363,348
"303",28,34,35,25
"304",0,2,169,162
"305",21,23,23,28
"306",104,87,27,15
"307",111,137,46,35
"308",28,31,21,13
"309",40,46,0,0
"310",43,33,31,30
"311",27,22,0,0
"312",115,102,64,47
"313",134,148,27,43
"314",27,26,24,28
"315",258,232,3,4
"316",68,72,47,25
"317",158,167,0,0
"318",28,44,31,34
"319",22,18,5,5
"320",687,673,803,779
"321",51,34,25,15
"322",22,20,7,14
"323",323,296,108,101
"324",69,50,46,62
"325",234,227,239,181
"326",62,54,175,161
"327",5,3,20,14
"328",180,175,19,8
"329",53,51,35,24
"330",27,32,148,138
"331",158,159,79,74
"332",36,44,33,29
"333",66,71,29,38
"334",65,85,103,82
"335",42,35,14,12
"336",207,195,0,0
"337",14,22,23,18
"338",23,32,7,5
"339",9,11,22,16
"340",270,246,219,219
"341",146,140,134,140
"342",56,45,1,0
"343",17,25,5,2
"344",14,11,15,17
"345",12,20,11,10
"346",22,25,114,101
"347",5,8,24,18
"348",188,163,1,0
"349",207,198,169,156
"350",41,51,11,9
"351",162,187,35,36
"352",28,15,7,4
"353",104,116,453,402
"354",45,42,40,19
"355",106,103,32,24
"356",31,46,30,20
"357",15,15,10,15
"358",88,88,109,95
"359",68,67,55,46
"360",30,29,19,24
"361",26,23,21,11
"362",130,142,83,81
"363",137,140,120,107
"364",55,59,0,0
"365",166,150,166,153
"366",18,22,14,10
"367",33,20,0,0
"368",35,35,66,59
"369",158,167,2024,1809
"370",378,400,568,545
"371",355,324,284,290
"372",436,452,412,351
"373",37,30,27,20
"374",59,63,0,0
"375",140,146,52,55
"376",101,104,89,94
"377",118,90,27,30
"378",221,210,1,0
"379",37,40,13,11
"380",7,10,6,11
"381",78,92,44,46
"382",41,27,53,39
"383",44,35,47,56
"384",81,72,139,142
"385",329,305,85,63
"386",12,5,110,74
"387",54,52,22,19
"388",17,28,49,57
"389",5,2,49,42
"390",173,166,105,112
"391",60,66,1,0
"392",240,270,181,159
"393",142,151,319,297
"394",44,55,86,66
"395",23,23,23,19
"396",79,54,51,39
"397",35,39,13,12
"398",12,12,15,8
"399",136,157,104,82
"400",60,63,3,0
"401",129,149,0,0
"402",204,224,129,130
"403",248,255,459,357
"404",121,128,3,2
"405",217,217,87,70
"406",55,67,6,4
"407",16,20,17,26
"408",41,48,17,19
"409",183,160,28,43
"410",1,3,426,376
"411",8,6,0,1
"412",48,34,39,39
"413",44,29,8,11
"414",483,431,100,79
"415",242,210,89,74
"416",189,211,92,89
"417",67,50,38,21
"418",27,35,54,31
"419",138,136,58,46
"420",42,33,30,38
"421",40,34,38,35
"422",214,187,157,151
"423",879,802,538,453
"424",31,39,0,0
"425",54,61,71,68
"426",27,42,33,28
"427",170,165,150,165
"428",171,152,66,82
"429",62,76,93,86
"430",20,9,1,1
"431",750,708,518,489
"432",182,173,100,92
"433",65,46,12,11
"434",353,293,351,311
"435",107,119,437,405
"436",53,48,34,34
"437",74,63,19,18
"438",17,9,152,138
"439",49,50,0,0
"440",156,140,0,0
"441",76,84,16,11
"442",229,212,136,149
"443",45,34,154,156
"444",10,10,12,13
"445",126,113,80,76
"446",860,890,185,171
"447",0,1,27,33
"448",462,471,390,409
"449",117,109,115,106
"450",34,33,17,16
"451",29,29,50,43
"452",135,115,104,113
"453",59,52,76,52
"454",50,57,49,45
"455",44,25,14,15
"456",69,56,31,40
"457",47,50,30,30
"458",131,110,35,40
"459",13,9,11,15
"460",19,9,0,0
"461",41,32,9,18
"462",30,23,1,0
"463",26,25,8,16
"464",62,51,41,51
"465",98,82,167,120
"466",63,73,115,104
"467",228,207,282,308
"468",21,17,72,70
"469",158,163,606,576
"470",51,57,25,37
"471",38,42,53,53
"472",486,403,343,336
"473",12,10,9,22
"474",183,183,258,243
"475",34,46,87,79
"476",20,21,12,11
"477",103,122,134,102
"478",46,45,1,0
"479",47,46,71,67
"480",49,43,54,49
"481",32,31,24,25
"482",14,14,35,40
"483",49,33,19,28
"484",20,16,12,9
"485",52,40,153,156
"486",76,68,0,0
"487",23,20,26,22
"488",567,566,527,463
"489",131,137,181,181
"490",65,59,26,38
"491",41,58,0,0
"492",0,0,21,19
"493",114,113,20,28
"494",6,6,15,7
"495",39,19,18,11
"496",24,26,21,11
"497",9,6,10,5
"498",274,297,233,209
"499",18,14,26,29
"500",404,386,199,184
"501",26,25,19,13
"502",906,828,806,744
"503",31,24,7,19
"504",92,76,82,69
"505",72,75,35,33
"506",13,16,1,1
"507",12,21,10,10
"508",27,34,34,38
"509",127,164,40,42
"510",3,2,17,22
"511",43,40,37,29
"512",59,48,107,102
"513",56,68,14,18
"514",29,14,5,2
"515",65,67,61,58
"516",73,76,47,44
"517",416,416,446,405
"518",14,8,22,13
"519",118,116,131,107
"520",45,44,15,18
"521",336,304,167,172
"522",19,18,31,33
"523",83,81,57,36
"524",107,98,54,35
"525",185,151,56,65
"526",44,46,38,44
"527",17,21,17,9
"528",21,19,21,24
"529",103,97,109,99
"530",23,24,12,6
"531",161,150,122,103
"532",33,32,1,0
"533",130,152,77,70
"534",47,49,47,45
"535",38,39,19,17
"536",120,89,48,56
"537",110,97,89,81
"538",34,29,0,0
"539",974,963,729,681
"540",54,53,133,123
"541",32,25,16,17
"542",52,77,37,35
"543",32,34,8,11
"544",160,129,169,148
"545",18,24,12,3
"546",35,38,42,35
"547",20,17,15,25
"548",521,508,784,643
"549",45,51,42,29
"550",118,99,3,4
"551",43,68,46,41
"552",41,35,30,37
"553",184,182,21,17
"554",0,0,32,34
"555",9,7,11,15
"556",142,149,11,11
"557",38,29,5,3
"558",7,4,3,11
"559",28,25,7,4
"560",105,105,66,48
"561",67,54,22,18
"562",308,308,285,277
"563",23,16,6,3
"564",17,23,67,64
"565",30,32,74,76
"566",1,0,99,77
"567",994,957,1526,1353
"568",101,88,103,84
"569",44,32,44,47
"570",51,39,10,11
"571",93,80,78,47
"572",23,24,9,18
"573",42,47,27,29
"574",58,52,4,2
"575",2169,2031,738,683
"576",19,16,214,183
"577",55,63,65,43
"578",460,423,210,206
"579",32,35,0,1
"580",186,200,188,184
"581",6,7,27,26
"582",14,17,13,7
"583",128,114,128,119
"584",37,35,28,30
"585",45,36,19,15
"586",52,53,70,69
"587",265,243,291,261
"588",71,63,137,127
"589",49,47,30,25
"590",136,127,109,93
"591",142,114,79,68
"592",74,80,67,69
"593",52,43,26,25
"594",75,96,87,94
"595",0,2,12,14
"596",73,69,18,19
"597",80,89,147,118
"598",8,13,105,87
"599",77,43,5,6
"600",67,73,7,7
"601",21,14,17,11
"602",925,904,773,735
"603",405,363,141,117
"604",16,20,20,20
"605",85,74,29,15
"606",71,58,72,53
"607",52,60,81,65
"608",123,101,212,234
"609",28,22,28,29
"610",62,51,20,21
"611",0,0,16,22
"612",25,37,1,0
"613",130,124,25,26
"614",64,74,105,93
"615",167,155,52,52
"616",3,12,35,29
"617",50,55,69,59
"618",39,36,27,34
"619",34,32,28,26
"620",8,15,0,0
"621",25,22,8,11
"622",33,34,20,10
"623",29,29,23,15
"624",212,200,169,160
"625",4,9,13,13
"626",82,82,96,82
"627",151,171,180,192
"628",37,33,0,0
"629",20,14,16,10
"630",131,109,396,412
"631",46,45,56,56
"632",68,60,37,35
"633",62,52,33,30
"634",56,50,45,27
"635",255,241,135,142
"636",400,348,474,407
"637",13,12,9,9
"638",64,72,46,45
"639",19,11,11,7
"640",338,397,242,208
"641",18,17,13,19
"642",146,133,112,86
"643",40,34,122,134
"644",14,17,14,15
"645",11,11,11,11
"646",328,313,116,90
"647",102,120,1245,1160
"648",16,15,20,13
"649",0,0,43,34
"650",25,8,12,15
"651",33,43,26,33
"652",16,22,0,0
"653",57,50,57,45
"654",104,105,41,48
"655",10,8,18,30
"656",19,21,0,0
"657",51,49,124,87
"658",79,79,17,25
"659",13,16,31,27
"660",205,182,751,725
"661",0,0,12,14
"662",182,217,184,177
"663",151,120,112,128
"664",42,50,31,41
"665",193,180,59,80
"666",210,204,319,283
"667",478,446,528,515
"668",19,24,20,21
"669",92,87,101,90
"670",83,109,68,62
"671",221,236,158,173
"672",126,114,112,98
"673",38,33,0,1
"674",208,208,258,224
"675",22,19,27,20
"676",25,31,36,22
"677",23,12,35,42
"678",60,57,0,2
"679",85,91,188,167
"680",23,37,15,26
"681",83,76,88,90
"682",103,97,84,88
"683",17,15,9,4
"684",24,26,0,1
"685",30,44,14,11
"686",8,9,20,16
"687",9,11,14,11
"688",18,8,8,3
"689",27,24,16,12
"690",32,36,31,34
"691",55,48,41,50
"692",126,114,0,0
"693",0,1,127,123
"694",48,50,31,19
"695",61,50,46,26
"696",36,41,0,0
"697",27,53,32,24
"698",0,0,38,58
"699",1,0,147,116
"700",543,509,645,557
"701",16,16,13,9
"702",21,18,11,10
"703",211,228,328,321
"704",208,232,219,208
"705",63,71,22,20
"706",150,142,65,56
"707",33,57,20,11
"708",74,63,105,86
"709",850,830,0,1
"710",29,20,2,1
"711",33,29,26,20
"712",24,41,59,60
"713",125,132,73,69
"714",38,42,19,10
"715",79,65,45,47
"716",19,17,9,8
"717",22,21,7,6
"718",54,58,25,22
"719",116,107,53,89
"720",26,28,55,60
"721",216,218,423,433
"722",39,41,204,177
"723",127,116,210,171
"724",32,25,1,0
"725",63,54,6,7
"726",48,61,29,29
"727",81,71,47,40
"728",50,47,41,41
"729",110,86,50,59
"730",22,24,30,30
"731",49,45,1,0
"732",47,36,0,0
"733",0,0,39,42
"734",12,7,12,17
"735",90,87,110,127
"736",186,154,168,141
"737",31,24,81,91
"738",371,327,274,274
"739",153,172,269,213
"740",181,150,198,182
"741",326,357,148,144
"742",6,10,2450,2252
"743",62,72,28,20
"744",212,217,125,138
"745",228,225,82,69
"746",38,32,24,16
"747",112,108,114,99
"748",11,9,12,12
"749",42,52,50,31
"750",29,33,31,27
"751",365,337,527,504
"752",402,419,325,280
"753",88,64,19,13
"754",81,63,35,32
"755",401,372,377,322
"756",12,13,19,7
"757",50,49,59,54
"758",61,48,61,54
"759",87,103,66,87
"760",526,555,311,312
"761",142,139,127,123
"762",54,62,57,43
"763",73,81,123,125
"764",7,6,23,17
"765",40,43,133,148
"766",9,7,11,13
"767",55,54,17,14
"768",1,1,89,78
"769",121,122,53,51
"770",55,53,44,48
"771",122,116,62,47
"772",120,126,52,43
"773",676,628,541,463
"774",93,98,78,66
"775",15,34,36,37
"776",77,93,31,19
"777",151,135,101,75
"778",140,113,95,109
"779",281,275,98,93
"780",7,7,6,14
"781",2,1,10,8
"782",1083,1063,2246,2120
"783",15,18,8,8
"784",60,73,1,1
"785",223,237,280,250
"786",8,9,17,13
"787",98,79,81,86
"788",11,16,17,16
"789",3,0,18,20
"790",291,300,236,263
"791",6,7,7,19
"792",80,90,60,57
"793",69,82,21,23
"794",190,139,8,3
"795",95,88,127,108
"796",15,6,15,19
"797",23,20,19,14
"798",16,10,163,172
"799",15,8,0,0
"800",9,4,9,6
"801",154,176,100,111
"802",111,113,77,74
"803",69,67,94,79
"804",198,215,251,240
"805",1,1,15,14
"806",53,73,124,102
"807",133,110,0,1
"808",36,34,45,42
"809",47,63,44,52
"810",52,81,68,74
"811",208,207,67,72
"812",77,67,53,39
"813",190,214,87,80
"814",70,84,44,49
"815",153,141,169,158
"816",69,66,71,85
"817",24,33,46,35
"818",178,180,189,200
"819",48,44,90,88
"820",126,160,103,75
"821",9,5,3,7
"822",34,21,29,12
"823",381,352,205,226
"824",136,143,159,147
"825",59,70,61,44
"826",24,21,317,265
"827",484,456,50,36
"828",14,16,2,6
"829",18,11,10,6
"830",22,17,6,2
"831",10,3,14,25
"832",7,7,86,79
"833",4,9,7,11
"834",53,48,1,0
"835",5,6,82,88
"836",37,33,24,26
"837",145,162,28,38
"838",55,56,36,23
"839",56,50,0,0
"840",41,48,43,33
"841",120,137,63,48
"842",117,98,14,8
"843",30,27,0,0
"844",165,159,0,0
"845",29,30,28,25
"846",0,0,35,29
"847",21,21,9,9
"848",3,5,11,11
"849",25,26,16,27
"850",19,13,2,1
"851",0,1,13,7
"852",42,37,6,12
"853",177,176,166,209
"854",290,284,7,5
"855",4,1,447,434
"856",6,3,11,8
"857",61,40,53,37
"858",25,30,32,22
"859",51,48,47,41
"860",356,331,320,337
"861",72,66,56,60
"862",74,72,33,32
"863",81,73,33,40
"864",147,116,88,90
"865",69,66,53,57
"866",29,41,0,0
"867",25,29,23,20
"868",108,101,128,98
"869",38,32,32,27
"870",143,117,96,78
"871",5,4,30,29
"872",30,48,16,16
"873",38,19,2,1
"874",30,25,34,27
"875",37,48,73,67
"876",27,24,2,3
"877",74,53,23,22
"878",61,52,0,1
"879",88,106,156,153
"880",96,101,7,11
"881",77,74,78,71
"882",80,62,35,30
"883",48,49,28,22
"884",15,14,14,24
"885",96,103,108,108
"886",19,17,82,89
"887",88,73,0,0
"888",53,62,22,15
"889",27,17,33,26
"890",3,2,14,14
"891",40,28,45,67
"892",14,13,25,20
"893",30,22,11,9
"894",89,84,42,46
"895",195,178,125,106
"896",53,39,22,23
"897",72,64,266,221
"898",30,39,19,17
"899",87,98,9,5
"900",292,257,219,185
"901",21,28,0,0
"902",43,60,85,95
"903",48,48,22,32
"904",376,321,79,72
"905",6,6,27,30
"906",16,24,12,14
"907",693,650,2647,2370
"908",39,42,18,27
"909",89,91,45,36
"910",52,47,36,35
"911",72,62,140,146
"912",51,59,61,44
"913",77,67,74,79
"914",203,199,173,149
"915",34,24,21,28
"916",26,22,0,1
"917",17,19,19,9
"918",95,76,26,36
"919",25,15,25,23
"920",310,325,648,629
"921",24,26,35,29
"922",76,86,77,90
"923",260,268,213,207
"924",24,29,105,101
"925",232,228,102,100
"926",55,55,0,0
"927",262,267,131,129
"928",8,7,116,96
"929",0,0,39,30
"930",54,56,11,22
"931",1414,1334,1033,920
"932",208,200,99,93
"933",82,81,31,26
"934",103,112,63,64
"935",0,1,274,273
"936",158,159,90,93
"937",96,115,49,34
"938",129,116,53,57
"939",32,27,30,17
"940",161,146,67,70
"941",19,22,0,5
"942",3,2,16,18
"943",189,164,655,617
"944",27,26,27,16
"945",29,25,21,27
"946",33,17,26,24
"947",37,34,0,0
"948",41,44,2,1
"949",134,123,118,96
"950",64,58,2,3
"951",39,24,0,1
"952",36,35,25,23
"953",187,189,135,139
"954",39,39,0,1
"955",113,124,117,117
"956",6,10,4,3
"957",165,172,201,208
"958",99,63,137,110
"959",28,21,0,0
"960",33,45,30,46
"961",1,0,4,5
"962",120,122,3,0
"963",17,18,33,36
"964",130,148,103,91
"965",95,66,82,94
"966",15,20,20,22
"967",14,13,29,28
"968",43,34,68,48
"969",7,10,8,6
"970",79,72,0,0
"971",95,92,0,0
"972",20,19,10,2
"973",0,0,72,62
"974",35,28,40,24
"975",55,46,40,28
"976",20,27,30,29
"977",8,11,19,20
"978",46,38,52,42
"979",13,9,13,13
"980",0,3,14,11
"981",0,0,357,316
"982",140,135,240,244
"983",20,16,38,31
"984",70,48,130,117
"985",541,544,425,355
"986",303,275,309,316
"987",150,143,120,144
"988",39,43,23,29
"989",32,28,0,0
"990",75,79,60,64
"991",69,74,267,285
"992",72,68,39,28
"993",58,53,121,134
"994",273,246,109,122
"995",0,2,184,210
"996",358,337,417,377
"997",51,78,1,0
"998",0,1,56,55
"999",473,442,582,521
"1000",91,77,53,59
"1001",33,38,50,41
"1002",88,92,47,74
"1003",85,84,45,40
"1004",48,45,45,62
"1005",112,105,61,66
"1006",194,225,851,699
"1007",163,140,175,164
"1008",23,20,118,108
"1009",186,184,176,158
"1010",107,142,144,137
"1011",5,16,33,32
"1012",72,73,143,168
"1013",69,58,56,32
"1014",114,97,80,82
"1015",180,175,668,570
"1016",60,58,19,17
"1017",8,8,27,15
"1018",0,1,79,79
"1019",121,109,119,107
"1020",35,42,17,26
"1021",117,107,0,0
"1022",23,38,47,45
"1023",66,53,77,55
"1024",270,254,154,153
"1025",65,63,40,39
"1026",23,20,13,18
"1027",203,207,184,180
"1028",179,159,130,114
"1029",923,877,654,686
"1030",82,92,12,8
"1031",197,196,288,239
"1032",125,118,203,167
"1033",75,87,79,76
"1034",82,87,33,38
"1035",77,84,73,68
"1036",51,42,9,10
"1037",73,60,52,46
"1038",432,423,501,436
"1039",44,46,183,140
"1040",80,76,1,0
"1041",58,40,58,44
"1042",38,28,39,29
"1043",54,55,109,83
"1044",141,139,123,101
"1045",55,61,5,3
"1046",99,74,347,308
"1047",171,181,189,140
"1048",87,105,408,350
"1049",93,79,0,0
"1050",317,344,618,618
"1051",5,3,1934,1804
"1052",116,115,78,73
"1053",14,15,39,38
"1054",47,54,61,39
"1055",89,78,136,110
"1056",263,250,262,248
"1057",211,196,278,272
"1058",318,312,240,234
"1059",199,194,177,173
"1060",341,369,0,0
"1061",261,255,101,95
"1062",662,614,301,313
"1063",143,140,115,138
"1064",13,17,1,3
"1065",384,353,286,268
"1066",26,27,19,16
"1067",5,0,5,7
"1068",15,12,13,14
"1069",23,27,33,32
"1070",68,68,0,0
"1071",124,124,96,76
"1072",92,72,75,63
"1073",0,5,3,7
"1074",236,227,220,202
"1075",72,76,84,65
"1076",62,49,59,54
"1077",51,64,107,93
"1078",42,41,7,14
"1079",33,35,26,30
"1080",15,14,17,17
"1081",19,12,54,42
"1082",281,293,7,7
"1083",23,15,42,52
"1084",49,62,20,16
"1085",44,44,46,77
"1086",431,408,348,321
"1087",167,177,112,134
"1088",199,195,199,208
"1089",140,114,37,44
"1090",18,15,12,10
"1091",0,0,10,11
"1092",23,22,0,0
"1093",175,187,229,220
"1094",101,99,113,93
"1095",360,332,278,280
"1096",374,347,316,295
"1097",62,67,78,72
"1098",130,120,76,89
"1099",111,112,151,124
"1100",11,12,17,16
"1101",33,46,1,0
"1102",83,103,101,81
"1103",14,18,21,17
"1104",4,2,20,18
"1105",176,149,294,258
"1106",9,11,18,9
"1107",16,9,34,25
"1108",19,22,2,1
"1109",22,27,0,0
"1110",8,10,11,10
"1111",16,15,19,18
"1112",15,16,9,13
"1113",7,8,6,11
"1114",25,22,43,36
"1115",19,23,34,28
"1116",20,13,0,2
"1117",11,17,14,10
"1118",14,10,6,3
"1119",11,11,9,10
"1120",10,11,1,0
"1121",105,104,44,52
"1122",14,10,17,17
"1123",0,0,25,9
"1124",44,26,2,2
"1125",16,19,3,8
"1126",83,79,42,50
"1127",42,44,38,35
"1128",169,169,121,112
"1129",34,32,4,5
"1130",223,207,179,158
"1131",24,18,21,18
"1132",38,44,21,21
"1133",19,13,0,4
"1134",41,31,28,29
"1135",33,32,68,63
"1136",248,242,1,0
"1137",78,82,15,14
"1138",14,23,3,1
"1139",29,25,41,43
"1140",262,279,174,160
"1141",17,24,17,22
"1142",32,43,16,16
"1143",23,28,17,25
"1144",125,102,6,4
"1145",12,12,10,8
"1146",53,54,45,44
"1147",15,11,15,20
"1148",19,6,49,56
"1149",479,377,940,834
"1150",36,40,45,39
"1151",152,156,191,242
"1152",25,27,31,26
"1153",265,290,233,224
"1154",15,16,6,3
"1155",26,24,31,36
"1156",52,41,54,63
"1157",80,98,51,41
"1158",34,52,28,27
"1159",28,21,8,6
"1160",188,199,438,388
"1161",80,73,103,80
"1162",127,128,89,87
"1163",10,12,94,93
"1164",27,24,4,0
"1165",334,304,157,170
"1166",129,142,64,75
"1167",145,138,40,36
"1168",1964,1909,988,884
"1169",16,20,14,12
"1170",96,68,96,65
"1171",52,66,23,26
"1172",58,49,53,42
"1173",13,7,16,16
"1174",63,76,25,27
"1175",231,216,111,68
"1176",231,208,175,151
"1177",348,315,553,515
"1178",398,346,89,73
"1179",273,250,86,86
"1180",217,232,99,84
"1181",307,323,138,111
"1182",151,149,133,112
"1183",244,223,69,65
"1184",345,316,109,128
"1185",241,271,133,132
"1186",258,256,388,330
"1187",1,0,52,40
"1188",45,44,45,54
"1189",1199,1112,840,870
"1190",42,36,25,23
"1191",32,36,1,2
"1192",386,369,261,260
"1193",234,208,156,154
"1194",53,62,53,35
"1195",17,18,8,17
"1196",27,26,17,12
"1197",29,22,32,30
"1198",1,0,80,80
"1199",184,150,96,109
"1200",42,34,14,11
"1201",163,177,52,40
"1202",371,361,381,358
"1203",48,35,3,0
"1204",200,185,112,114
"1205",78,96,39,35
"1206",299,267,11,3
"1207",813,869,386,389
"1208",134,135,151,154
"1209",25,27,2,1
"1210",25,25,30,28
"1211",192,185,12,14
"1212",86,91,3,7
"1213",75,69,256,222
"1214",152,133,38,66
"1215",18,8,15,10
"1216",135,124,82,68
"1217",90,100,97,68
"1218",34,34,0,0
"1219",17,20,6,1
"1220",2,4,10,11
"1221",209,224,176,171
"1222",42,27,29,36
"1223",26,29,9,9
"1224",15,14,17,17
"1225",7,21,7,13
"1226",27,30,16,11
"1227",22,16,15,10
"1228",11,14,0,0
"1229",64,48,48,49
"1230",37,29,24,24
"1231",12,10,0,0
"1232",30,30,24,23
"1233",18,26,43,47
"1234",40,36,40,28
"1235",27,44,31,35
"1236",141,141,118,125
"1237",263,294,155,133
"1238",178,164,99,88
"1239",344,324,210,206
"1240",35,38,44,50
"1241",49,56,75,73
"1242",0,4,355,330
"1243",0,0,19,26
"1244",212,183,139,133
"1245",18,23,95,87
"1246",77,51,12,12
"1247",65,63,59,56
"1248",61,50,40,39
"1249",65,65,79,73
"1250",27,29,13,10
"1251",34,34,48,41
"1252",140,158,122,119
"1253",451,456,397,412
"1254",122,107,194,182
"1255",33,22,1,2
"1256",7,1,8,12
"1257",7,12,5,9
"1258",30,40,24,25
"1259",68,52,0,0
"1260",79,84,31,19
"1261",77,60,19,26
"1262",9,10,15,14
"1263",1440,1321,1514,1422
"1264",0,0,81,94
"1265",51,40,43,42
"1266",68,57,52,57
"1267",141,143,105,84
"1268",60,54,68,64
"1269",92,90,149,155
"1270",10,9,4,4
"1271",40,43,73,69
"1272",20,16,208,161
"1273",30,41,13,13
"1274",48,54,17,14
"1275",84,85,27,28
"1276",1,0,39,41
"1277",14,15,0,0
"1278",28,22,0,0
"1279",117,155,35,53
"1280",65,82,43,40
"1281",126,111,108,95
"1282",61,39,46,45
"1283",11,13,0,0
"1284",39,35,14,15
"1285",65,66,257,227
"1286",48,49,17,14
"1287",212,229,237,261
"1288",186,173,122,126
"1289",16,13,207,179
"1290",47,34,162,140
"1291",63,60,61,45
"1292",40,37,77,46
"1293",5,4,1707,1538
"1294",53,65,75,62
"1295",35,34,2,4
"1296",217,181,82,59
"1297",22,22,19,7
"1298",0,0,44,28
"1299",301,286,267,267
"1300",138,145,3,2
"1301",40,33,20,17
"1302",81,71,57,63
"1303",82,93,19,20
"1304",436,408,556,513
"1305",37,45,70,61
"1306",96,92,47,55
"1307",84,62,45,37
"1308",0,0,10,8
"1309",1665,1673,1509,1477
"1310",81,90,88,95
"1311",209,193,482,415
"1312",64,45,49,53
"1313",5,6,22,30
"1314",20,15,0,1
"1315",1,0,18,15
"1316",44,45,0,0
"1317",288,271,290,255
"1318",109,128,40,33
"1319",17,17,18,14
"1320",7,11,0,0
"1321",4,16,7,7
"1322",42,53,25,23
"1323",516,514,613,568
"1324",40,48,26,26
"1325",44,53,85,88
"1326",0,0,16,10
"1327",49,40,13,19
"1328",51,59,199,179
"1329",14,13,0,0
"1330",107,129,2,0
"1331",56,50,16,12
"1332",218,200,253,233
"1333",119,116,60,57
"1334",66,58,73,57
"1335",5,6,51,51
"1336",0,0,13,15
"1337",2,0,165,152
"1338",4,3,1600,1491
"1339",90,93,34,40
"1340",41,50,62,49
"1341",58,70,36,51
"1342",337,314,350,337
"1343",32,29,121,113
"1344",6,19,56,50
"1345",28,20,0,0
"1346",18,33,5,13
"1347",0,0,34,28
"1348",188,179,111,75
"1349",465,482,337,349
"1350",24,33,24,25
"1351",203,220,148,127
"1352",102,95,109,112
"1353",656,648,418,406
"1354",134,145,142,107
"1355",51,45,34,26
"1356",111,109,166,142
"1357",293,301,301,292
"1358",995,959,894,804
"1359",56,44,15,22
"1360",201,208,98,83
"1361",12,10,28,17
"1362",48,38,102,87
"1363",61,63,58,39
"1364",246,234,271,262
"1365",48,55,1,1
"1366",250,251,30,17
"1367",177,176,172,130
"1368",3,9,45,37
"1369",62,64,82,65
"1370",66,76,45,46
"1371",71,72,20,22
"1372",75,74,30,25
"1373",113,117,87,65
"1374",111,104,56,47
"1375",28,33,10,6
"1376",144,119,48,47
"1377",0,1,168,170
"1378",45,30,97,109
"1379",19,9,8,8
"1380",20,19,23,17
"1381",66,68,95,73
"1382",71,65,83,58
"1383",11,7,11,6
"1384",11,9,25,27
"1385",33,44,30,33
"1386",102,113,252,222
"1387",521,502,39,56
"1388",63,67,20,12
"1389",19,21,0,0
"1390",101,103,31,24
"1391",42,44,24,14
"1392",16,16,17,18
"1393",80,80,73,48
"1394",10,11,11,7
"1395",92,72,137,145
"1396",40,68,65,76
"1397",14,14,19,15
"1398",88,58,66,65
"1399",40,40,38,34
"1400",11,17,39,37
"1401",0,0,67,47
"1402",21,8,15,21
"1403",12,14,6,9
"1404",15,10,4,2
"1405",38,42,48,49
"1406",10,8,0,3
"1407",30,26,25,25
"1408",9,7,83,82
"1409",0,0,23,22
"1410",21,35,18,8
"1411",25,24,5,7
"1412",12,18,26,18
"1413",15,22,22,26
"1414",3,5,44,34
"1415",58,53,89,73
"1416",92,98,0,0
"1417",47,52,79,61
"1418",26,38,71,49
"1419",37,29,0,0
"1420",17,12,19,9
"1421",48,40,187,173
"1422",70,63,90,70
"1423",48,52,50,48
"1424",56,65,35,15
"1425",9,14,47,41
"1426",19,16,8,4
"1427",37,37,19,22
"1428",149,147,181,154
"1429",149,153,239,216
"1430",0,0,48,33
"1431",32,51,0,0
"1432",65,64,0,0
"1433",24,20,1,13
"1434",15,16,11,12
"1435",11,12,9,11
"1436",11,8,14,21
"1437",12,19,6,4
"1438",26,23,9,11
"1439",23,33,2,5
"1440",21,15,17,20
"1441",244,264,1,0
"1442",14,21,0,0
"1443",38,57,10,7
"1444",120,112,89,82
"1445",34,29,23,21
"1446",18,15,16,25
"1447",47,44,0,0
"1448",41,39,22,31
"1449",34,32,44,63
"1450",34,33,17,16
"1451",98,82,0,0
"1452",106,83,45,66
"1453",5,10,22,23
"1454",14,20,0,0
"1455",16,8,6,6
"1456",21,21,10,9
"1457",21,18,41,37
"1458",31,40,24,22
"1459",44,32,6,16
"1460",32,31,49,48
"1461",40,29,16,22
"1462",34,29,67,53
"1463",48,39,131,106
"1464",20,18,11,16
"1465",34,20,0,0
"1466",12,6,44,51
"1467",11,11,15,7
"1468",0,0,11,16
"1469",41,48,29,39
"1470",21,35,11,5
"1471",197,226,174,173
"1472",185,189,178,162
"1473",17,12,0,0
"1474",29,27,9,8
"1475",142,145,75,57
"1476",12,12,10,8
"1477",24,32,18,12
"1478",35,25,20,25
"1479",1,5,17,25
"1480",105,121,129,156
"1481",21,27,29,23
"1482",10,8,12,16
"1483",44,50,25,33
"1484",16,21,9,23
"1485",0,0,21,19
"1486",41,32,33,28
"1487",55,41,44,31
"1488",70,73,44,31
"1489",20,31,2,4
"1490",240,248,1,0
"1491",20,24,74,67
"1492",0,1,105,81
"1493",77,69,66,57
"1494",16,17,7,8
"1495",92,82,73,55
"1496",2,1,31,28
"1497",55,51,4,13
"1498",41,43,12,10
"1499",26,30,37,22
"1500",27,25,12,8
"1501",41,39,15,17
"1502",20,17,4,3
"1503",92,70,111,116
"1504",11,12,0,0
"1505",43,46,28,22
"1506",60,60,86,101
"1507",35,25,18,21
"1508",331,275,71,52
"1509",229,224,167,160
"1510",48,57,20,21
"1511",32,21,29,32
"1512",817,845,423,376
"1513",128,142,96,94
"1514",26,29,1,3
"1515",40,33,8,10
"1516",8,2,1311,1167
"1517",29,20,6,11
"1518",59,44,0,0
"1519",22,28,9,10
"1520",17,10,22,24
"1521",0,1,37,36
"1522",70,57,74,69
"1523",2,2,30,36
"1524",3,1,15,10
"1525",29,35,26,23
"1526",11,13,113,110
"1527",81,68,60,42
"1528",2,8,28,16
"1529",67,58,65,62
"1530",247,208,281,257
"1531",29,46,58,66
"1532",61,67,3,1
"1533",72,70,0,0
"1534",76,70,3,8
"1535",74,67,41,33
"1536",28,31,23,18
"1537",8,17,0,0
"1538",18,14,6,4
"1539",7,5,33,26
"1540",23,21,19,26
"1541",64,71,75,57
"1542",18,15,12,9
"1543",16,13,11,5
"1544",24,19,6,3
"1545",65,43,35,22
"1546",67,64,15,16
"1547",51,49,26,21
"1548",20,18,22,39
"1549",27,26,25,20
"1550",351,396,380,313
"1551",316,300,173,183
"1552",10,10,15,18
"1553",25,27,0,0
"1554",107,110,36,19
"1555",6,4,5,9
"1556",53,60,77,83
"1557",13,11,7,4
"1558",22,21,0,1
"1559",8,12,22,32
"1560",76,92,37,35
"1561",93,98,120,107
"1562",370,356,309,294
"1563",54,44,15,19
"1564",197,188,126,122
"1565",89,78,16,19
"1566",39,34,14,12
"1567",58,44,18,8
"1568",64,54,33,28
"1569",24,27,30,40
"1570",9,13,0,0
"1571",9,12,21,13
"1572",16,16,7,6
"1573",16,7,8,12
"1574",22,30,12,1
"1575",18,22,10,16
"1576",7,8,0,1
"1577",188,172,399,377
"1578",140,165,124,133
"1579",64,64,3,0
"1580",22,17,0,0
"1581",0,0,42,30
"1582",20,18,6,3
"1583",11,10,16,14
"1584",33,19,13,13
"1585",21,15,23,17
"1586",1,2,9,12
"1587",34,31,23,37
"1588",80,83,46,48
"1589",21,20,0,2
"1590",55,48,48,27
"1591",28,17,5,9
"1592",37,37,23,27
"1593",7,4,91,101
"1594",16,14,2,1
"1595",68,68,22,27
"1596",214,241,210,204
"1597",98,116,226,219
"1598",146,148,54,61
"1599",13,15,2,0
"1600",21,16,13,7
"1601",13,13,0,0
"1602",9,11,18,16
"1603",5,4,16,5
"1604",19,16,24,21
"1605",21,13,5,1
"1606",2192,2186,1720,1616
"1607",386,310,166,152
"1608",43,54,6,9
"1609",145,141,30,25
"1610",60,68,18,15
"1611",48,49,0,0
"1612",52,52,49,49
"1613",51,62,43,40
"1614",28,36,162,151
"1615",78,63,0,0
"1616",25,29,0,0
"1617",3,12,12,13
"1618",10,10,12,6
"1619",19,13,9,6
"1620",16,17,10,13
"1621",84,75,50,42
"1622",57,52,59,50
"1623",58,42,121,124
"1624",14,19,0,0
"1625",13,14,14,16
"1626",728,660,354,311
"1627",17,13,21,16
"1628",19,12,26,21
"1629",14,27,18,20
"1630",3,2,760,735
"1631",26,28,1,4
"1632",2,0,43,38
"1633",22,26,11,11
"1634",0,0,11,9
"1635",13,12,13,16
"1636",160,158,93,106
"1637",29,26,2,2
"1638",28,34,25,24
"1639",59,46,41,40
"1640",28,29,23,28
"1641",16,19,14,14
"1642",39,36,13,14
"1643",173,186,4,6
"1644",25,17,0,0
"1645",23,13,0,0
"1646",152,139,102,76
"1647",39,35,4,7
"1648",23,30,10,5
"1649",0,1,128,116
"1650",60,77,66,57
"1651",626,561,499,448
"1652",297,286,91,101
"1653",53,48,37,31
"1654",14,23,0,0
"1655",25,20,0,0
"1656",4,4,7,8
"1657",50,38,21,20
"1658",32,39,9,12
"1659",54,65,147,90
"1660",604,531,687,655
"1661",398,332,436,426
"1662",12,14,61,47
"1663",44,37,51,28
"1664",138,127,51,54
"1665",65,67,64,54
"1666",1,1,77,57
"1667",0,2,189,182
"1668",78,63,66,63
"1669",66,90,123,116
"1670",33,35,28,26
"1671",25,26,29,25
"1672",66,64,0,0
"1673",164,180,168,159
"1674",13,14,2,0
"1675",34,41,0,1
"1676",38,28,58,49
"1677",16,18,7,3
"1678",93,92,155,137
"1679",17,37,25,15
"1680",43,30,0,0
"1681",77,81,17,19
"1682",34,40,1,2
"1683",53,58,30,39
"1684",47,58,116,118
"1685",80,79,27,33
"1686",221,182,46,39
"1687",30,24,3,8
"1688",32,21,0,0
"1689",25,31,42,26
"1690",52,40,42,39
"1691",36,57,22,24
"1692",33,27,38,31
"1693",13,12,14,20
"1694",0,0,18,25
"1695",47,29,29,38
"1696",25,27,17,16
"1697",22,26,28,18
"1698",2,1,55,38
"1699",113,107,10,13
"1700",46,40,10,8
"1701",22,18,32,19
"1702",27,27,24,25
"1703",12,14,16,8
"1704",10,7,22,26
"1705",0,0,20,14
"1706",19,13,20,29
"1707",3,1,13,13
"1708",10,17,3,5
"1709",109,114,71,59
"1710",90,82,80,73
"1711",16,10,24,20
"1712",42,21,0,0
"1713",45,70,27,33
"1714",9,6,12,10
"1715",14,15,7,6
"1716",37,29,39,46
"1717",13,7,8,14
"1718",107,127,71,57
"1719",108,150,106,108
"1720",203,200,69,75
"1721",400,416,82,90
"1722",0,0,50,36
"1723",160,147,8,2
"1724",670,661,436,398
"1725",885,885,648,644
"1726",117,129,35,16
"1727",64,49,28,28
"1728",1,0,29,18
"1729",47,38,67,67
"1730",118,129,5,2
"1731",19,13,15,17
"1732",46,30,24,19
"1733",29,38,34,35
"1734",15,18,62,66
"1735",188,160,33,36
"1736",18,12,12,5
"1737",24,24,0,0
"1738",14,21,0,0
"1739",23,29,0,0
"1740",8,11,8,9
"1741",85,93,72,73
"1742",256,259,223,218
"1743",22,21,30,24
"1744",71,92,67,55
"1745",74,56,142,114
"1746",92,79,103,107
"1747",100,95,71,69
"1748",153,133,65,67
"1749",12,6,11,7
"1750",108,108,377,378
"1751",70,60,14,19
"1752",47,24,18,12
"1753",103,98,82,66
"1754",309,304,217,170
"1755",44,35,29,43
"1756",154,160,220,215
"1757",92,94,89,99
"1758",97,81,26,29
"1759",28,39,38,33
"1760",4,7,63,50
"1761",3,1,38,25
"1762",172,141,89,89
"1763",130,119,108,98
"1764",15,18,9,6
"1765",61,66,56,57
"1766",35,30,93,76
"1767",539,496,335,327
"1768",216,212,211,195
"1769",93,75,51,40
"1770",5,9,12,4
"1771",225,260,278,245
"1772",47,37,5,3
"1773",15,19,9,13
"1774",13,21,0,0
"1775",46,29,28,19
"1776",16,7,23,16
"1777",15,12,15,12
"1778",42,38,15,13
"1779",48,32,19,24
"1780",253,224,211,210
"1781",16,10,41,36
"1782",112,130,74,61
"1783",0,0,38,30
"1784",298,283,284,281
"1785",18,17,15,6
"1786",12,8,119,114
"1787",13,15,17,12
"1788",60,58,31,33
"1789",18,27,23,21
"1790",62,59,135,107
"1791",180,165,35,42
"1792",198,191,271,228
"1793",186,187,169,153
"1794",58,58,16,27
"1795",5,5,14,6
"1796",598,568,329,356
"1797",43,61,42,46
"1798",169,157,237,223
"1799",184,189,135,124
"1800",2,0,15,9
"1801",43,38,66,60
"1802",51,41,4,3
"1803",19,21,21,24
"1804",11,17,25,27
"1805",64,89,88,94
"1806",38,44,36,51
"1807",67,55,117,123
"1808",165,151,263,259
"1809",15,6,37,20
"1810",252,282,322,319
"1811",130,123,199,176
"1812",86,85,70,59
"1813",1222,1175,572,560
"1814",27,24,5,2
"1815",190,186,164,163
"1816",56,49,46,41
"1817",16,23,13,21
"1818",27,26,6,10
"1819",427,369,201,202
"1820",112,103,2,5
"1821",103,77,105,116
"1822",5,10,11,11
"1823",38,30,75,49
"1824",51,65,38,44
"1825",52,51,194,146
"1826",87,110,40,21
"1827",1,0,44,38
"1828",6,8,75,64
"1829",19,20,68,41
"1830",65,100,28,30
"1831",0,0,153,143
"1832",27,26,59,49
"1833",64,75,76,83
"1834",78,66,104,80
"1835",80,62,92,91
"1836",63,62,13,13
"1837",69,67,53,64
"1838",223,240,131,113
"1839",201,204,124,127
"1840",97,66,94,85
"1841",61,69,60,40
"1842",0,2,30,21
"1843",115,127,125,128
"1844",73,94,35,29
"1845",16,20,39,38
"1846",958,942,2027,1840
"1847",34,44,29,37
"1848",9,13,162,169
"1849",20,22,3,2
"1850",114,104,43,46
"1851",24,20,8,5
"1852",132,137,70,74
"1853",93,100,4,0
"1854",8,5,96,80
"1855",9,15,2,0
"1856",13,11,20,17
"1857",0,0,65,52
"1858",105,101,48,58
"1859",10,17,23,20
"1860",7,9,26,33
"1861",341,311,183,160
"1862",92,91,0,0
"1863",132,132,70,68
"1864",17,16,8,4
"1865",49,43,39,31
"1866",97,103,81,77
"1867",34,21,42,29
"1868",24,18,6,11
"1869",10,12,1,0
"1870",127,140,59,59
"1871",46,45,90,73
"1872",16,15,11,15
"1873",13,24,0,1
"1874",26,15,0,0
"1875",191,211,0,0
"1876",75,65,32,49
"1877",0,0,22,30
"1878",58,65,77,49
"1879",111,98,13,22
"1880",188,191,57,66
"1881",57,54,7,18
"1882",61,70,5,1
"1883",24,19,5,4
"1884",14,20,58,60
"1885",97,78,102,99
"1886",45,43,41,24
"1887",48,42,1,2
"1888",21,16,25,19
"1889",79,71,84,60
"1890",16,21,43,43
"1891",19,11,19,19
"1892",362,360,214,212
"1893",33,28,35,44
"1894",118,126,99,73
"1895",21,20,0,0
"1896",14,16,7,17
"1897",323,331,198,165
"1898",27,41,17,11
"1899",59,63,15,15
"1900",63,78,128,118
"1901",43,45,16,7
"1902",79,65,22,26
"1903",39,30,18,16
"1904",192,186,35,45
"1905",332,327,118,114
"1906",28,30,13,13
"1907",20,18,83,74
"1908",10,12,14,9
"1909",40,32,20,12
"1910",45,50,46,34
"1911",1243,1310,1415,1328
"1912",26,37,78,64
"1913",5,8,30,26
"1914",82,76,45,43
"1915",0,0,8,10
"1916",138,147,41,31
"1917",33,37,0,0
"1918",16,18,13,22
"1919",122,123,54,40
"1920",17,15,1,0
"1921",30,35,31,32
"1922",43,40,29,15
"1923",18,10,18,14
"1924",6,9,23,13
"1925",81,75,36,38
"1926",45,49,163,159
"1927",47,52,191,156
"1928",25,25,321,310
"1929",53,57,105,106
"1930",45,51,45,48
"1931",241,217,132,121
"1932",30,29,0,0
"1933",3,8,50,52
"1934",59,56,40,42
"1935",4,5,53,39
"1936",90,124,2,3
"1937",6,7,11,5
"1938",140,142,80,65
"1939",62,64,37,24
"1940",129,132,216,158
"1941",161,159,135,131
"1942",1708,1649,611,565
"1943",31,19,9,12
"1944",123,146,0,1
"1945",38,34,41,47
"1946",146,121,0,0
"1947",15,11,24,18
"1948",98,115,144,121
"1949",59,85,48,45
"1950",28,30,1,1
"1951",172,174,142,133
"1952",1,0,118,107
"1953",83,76,72,90
"1954",50,54,68,78
"1955",77,74,200,166
"1956",188,194,141,155
"1957",81,52,121,109
"1958",36,61,23,25
"1959",140,135,0,1
"1960",19,20,4,5
"1961",104,115,146,154
"1962",77,72,2,5
"1963",16,16,191,179
"1964",195,197,203,197
"1965",4,3,18,14
"1966",27,18,36,40
"1967",20,16,36,20
"1968",3,15,0,0
"1969",5,5,17,10
"1970",327,369,398,390
"1971",452,459,212,181
"1972",20,17,0,0
"1973",7,6,6,7
"1974",192,149,117,78
"1975",93,106,88,74
"1976",99,55,82,68
"1977",2097,2031,1301,1167
"1978",124,120,69,49
"1979",97,79,75,68
"1980",38,14,44,31
"1981",94,90,128,118
"1982",12,9,13,14
"1983",0,1,91,92
"1984",75,79,26,28
"1985",11,8,7,9
"1986",665,635,301,283
"1987",45,33,60,44
"1988",16,11,16,14
"1989",216,201,134,145
"1990",3,7,12,17
"1991",1,5,19,12
"1992",1083,1023,1223,1192
"1993",56,72,18,12
"1994",254,248,0,0
"1995",30,19,32,26
"1996",77,70,32,33
"1997",18,6,3,8
"1998",29,25,6,9
"1999",29,35,0,0
"2000",99,88,58,61
"2001",64,72,38,56
"2002",16,13,0,0
"2003",6,9,6,5
"2004",35,31,13,15
"2005",230,228,198,220
"2006",76,93,89,79
"2007",114,103,161,162
"2008",112,97,113,145
"2009",54,69,67,43
"2010",29,33,36,37
"2011",13,11,18,16
"2012",18,9,52,34
"2013",21,23,12,7
"2014",66,72,145,131
"2015",19,14,8,12
"2016",83,83,7,8
"2017",25,24,46,46
"2018",0,1,98,85
"2019",31,28,61,48
"2020",12,17,0,1
"2021",107,116,127,127
"2022",627,571,727,671
"2023",247,269,80,85
"2024",29,39,29,19
"2025",1277,1207,951,848
"2026",181,150,89,79
"2027",284,254,112,90
"2028",5,5,13,16
"2029",84,107,83,79
"2030",336,336,261,247
"2031",933,905,810,776
"2032",16,16,14,23
"2033",15,13,17,16
"2034",88,72,13,16
"2035",110,103,17,26
"2036",17,16,3,8
"2037",345,371,41,21
"2038",13,13,28,35
"2039",14,10,8,7
"2040",77,53,43,39
"2041",18,17,26,26
"2042",52,43,72,77
"2043",21,19,58,39
"2044",41,44,20,8
"2045",85,100,54,38
"2046",30,28,1,0
"2047",158,147,152,135
"2048",63,54,69,65
"2049",5,16,30,24
"2050",61,48,4,5
"2051",193,152,100,100
"2052",58,49,62,54
"2053",23,13,19,14
"2054",6,4,8,23
"2055",48,45,75,76
"2056",500,466,388,376
"2057",216,214,92,93
"2058",536,536,161,189
"2059",68,75,10,9
"2060",150,133,282,264
"2061",13,9,8,1
"2062",13,14,1,7
"2063",3,4,547,524
"2064",69,81,147,129
"2065",64,64,36,45
"2066",220,213,129,130
"2067",179,169,65,53
"2068",11,10,40,30
"2069",52,56,18,13
"2070",98,98,69,64
"2071",152,138,45,48
"2072",109,126,87,94
"2073",33,31,17,29
"2074",82,102,68,50
"2075",54,42,27,40
"2076",139,119,163,108
"2077",252,218,214,206
"2078",86,85,0,0
"2079",30,21,21,25
"2080",311,292,355,336
"2081",18,21,29,28
"2082",41,45,28,31
"2083",23,23,210,161
"2084",107,102,46,63
"2085",0,0,75,79
"2086",12,8,31,16
"2087",24,38,16,21
"2088",28,31,367,317
"2089",42,52,31,36
"2090",8,14,21,24
"2091",26,39,9,8
"2092",56,51,55,42
"2093",0,0,9,16
"2094",57,62,20,13
"2095",66,65,17,18
"2096",96,97,59,61
"2097",3129,3014,2,3
"2098",17,15,0,0
"2099",44,49,0,0
"2100",78,72,54,54
"2101",34,27,17,21
"2102",560,532,275,247
"2103",75,64,72,57
"2104",72,86,86,63
"2105",204,163,203,198
"2106",128,107,70,63
"2107",62,75,6,6
"2108",68,66,78,74
"2109",44,38,7,17
"2110",77,78,74,77
"2111",29,29,32,22
"2112",41,33,129,143
"2113",230,236,146,148
"2114",5,6,5,8
"2115",43,26,16,12
"2116",83,79,338,333
"2117",4,4,39,59
"2118",23,24,0,0
"2119",32,44,56,55
"2120",19,19,26,22
"2121",111,115,78,65
"2122",53,62,81,79
"2123",92,85,109,104
"2124",46,42,25,16
"2125",7,6,90,104
"2126",30,35,16,8
"2127",23,26,29,29
"2128",51,43,3,3
"2129",40,43,541,506
"2130",44,32,52,61
"2131",36,38,22,26
"2132",47,54,63,50
"2133",81,75,35,38
"2134",30,31,14,6
"2135",29,20,21,14
"2136",35,34,38,26
"2137",43,44,77,57
"2138",0,0,28,22
"2139",171,153,74,85
"2140",332,246,37,27
"2141",12,18,13,14
"2142",173,149,237,220
"2143",39,68,31,30
"2144",79,69,79,89
"2145",83,90,29,33
"2146",40,40,5,8
"2147",12,15,5,8
"2148",32,42,0,0
"2149",67,82,35,34
"2150",102,88,240,198
"2151",18,18,15,14
"2152",84,66,0,0
"2153",40,40,17,16
"2154",172,191,77,76
"2155",121,109,0,0
"2156",98,75,8,10
"2157",230,221,189,210
"2158",57,51,0,0
"2159",0,2,307,256
"2160",87,76,130,113
"2161",153,125,54,49
"2162",21,21,0,0
"2163",1024,978,217,226
"2164",1,2,734,687
"2165",28,27,58,63
"2166",272,298,238,257
"2167",14,14,10,11
"2168",59,52,96,70
"2169",6,9,0,0
"2170",134,130,124,112
"2171",35,35,118,120
"2172",60,47,0,0
"2173",209,179,86,78
"2174",58,46,0,1
"2175",7,13,22,22
"2176",31,19,10,9
"2177",8,8,30,25
"2178",4,9,1708,1681
"2179",100,102,32,32
"2180",20,22,23,28
"2181",17,11,0,0
"2182",23,19,0,0
"2183",87,83,132,125
"2184",67,51,47,51
"2185",66,71,90,88
"2186",327,364,437,407
"2187",359,383,286,254
"2188",101,139,80,58
"2189",24,19,16,18
"2190",188,181,43,37
"2191",59,47,92,73
"2192",20,17,1,2
"2193",0,0,34,35
"2194",38,38,170,151
"2195",95,80,57,57
"2196",386,403,254,201
"2197",34,30,44,45
"2198",28,23,7,11
"2199",79,70,88,99
"2200",49,39,22,23
"2201",314,315,122,118
"2202",294,304,291,280
"2203",35,34,38,21
"2204",13,17,10,7
"2205",52,54,9,10
"2206",468,454,275,248
"2207",182,197,82,82
"2208",38,38,2,6
"2209",27,25,14,15
"2210",10,8,41,39
"2211",22,29,20,24
"2212",19,16,6,3
"2213",19,12,19,11
"2214",40,34,38,18
"2215",16,15,12,10
"2216",8,9,3,4
"2217",52,71,22,28
"2218",15,17,0,3
"2219",18,22,1,5
"2220",22,29,4,4
"2221",12,15,16,6
"2222",18,11,7,6
"2223",78,64,41,42
"2224",24,16,0,0
"2225",33,25,15,16
"2226",17,15,21,23
"2227",100,108,131,97
"2228",33,32,33,16
"2229",19,13,16,15
"2230",36,31,52,48
"2231",37,16,0,0
"2232",362,357,95,74
"2233",105,100,30,18
"2234",172,180,79,95
"2235",69,66,53,42
"2236",12,7,11,12
"2237",4,5,7,9
"2238",13,9,15,7
"2239",35,46,2,1
"2240",44,39,0,0
"2241",44,33,34,32
"2242",1,0,8,7
"2243",46,50,36,37
"2244",32,31,22,16
"2245",28,36,0,1
"2246",390,397,128,115
"2247",6,9,9,5
"2248",57,69,0,0
"2249",616,617,300,303
"2250",440,421,484,431
"2251",43,41,20,16
"2252",99,79,50,35
"2253",144,135,51,53
"2254",35,22,28,36
"2255",45,39,40,36
"2256",66,79,945,970
"2257",69,77,54,45
"2258",22,20,85,80
"2259",3,1,377,309
"2260",32,25,1,1
"2261",36,38,65,61
"2262",20,20,40,38
"2263",25,29,3,3
"2264",40,27,0,0
"2265",27,27,6,3
"2266",53,68,26,35
"2267",83,53,58,64
"2268",19,10,22,19
"2269",9,9,12,6
"2270",23,34,31,32
"2271",36,40,40,50
"2272",12,12,12,8
"2273",12,14,0,0
"2274",38,39,49,55
"2275",19,22,42,33
"2276",17,22,31,22
"2277",51,49,166,164
"2278",6,8,19,21
"2279",17,11,11,17
"2280",47,39,9,17
"2281",1,0,171,163
"2282",158,173,3,3
"2283",18,28,10,10
"2284",18,15,7,1
"2285",84,117,82,86
"2286",2,0,14,19
"2287",0,0,69,77
"2288",132,122,0,0
"2289",14,16,9,9
"2290",43,48,1,0
"2291",59,54,32,27
"2292",14,11,47,44
"2293",64,67,84,108
"2294",41,40,4,0
"2295",57,76,83,84
"2296",108,104,27,23
"2297",11,12,0,0
"2298",252,237,256,211
"2299",15,16,14,12
"2300",3,10,92,85
"2301",71,60,55,36
"2302",171,165,45,40
"2303",61,46,39,39
"2304",12,14,4,9
"2305",20,16,8,10
"2306",76,61,0,0
"2307",2,3,1182,1104
"2308",21,17,5,8
"2309",75,65,75,69
"2310",49,41,2,2
"2311",47,41,19,32
"2312",45,36,89,79
"2313",46,33,39,31
"2314",23,18,0,0
"2315",0,0,45,41
"2316",69,73,59,75
"2317",232,200,324,316
"2318",8,6,9,11
"2319",230,200,87,71
"2320",43,46,135,142
"2321",12,11,49,55
"2322",185,207,82,62
"2323",16,13,0,0
"2324",32,27,0,0
"2325",94,78,155,135
"2326",59,56,34,42
"2327",194,202,1,0
"2328",21,29,19,21
"2329",40,37,43,46
"2330",4,7,61,54
"2331",31,37,2,1
"2332",27,27,18,12
"2333",15,22,7,9
"2334",22,31,11,11
"2335",6,9,25,20
"2336",13,7,3,3
"2337",283,280,225,262
"2338",32,28,29,23
"2339",25,29,14,13
"2340",62,75,12,11
"2341",55,64,29,27
"2342",1,4,10,7
"2343",20,21,0,0
"2344",10,9,16,20
"2345",36,35,23,24
"2346",32,31,42,27
"2347",52,38,10,10
"2348",4,6,23,26
"2349",130,135,64,71
"2350",39,36,22,29
"2351",35,29,27,16
"2352",16,14,0,0
"2353",211,206,91,69
"2354",20,24,4,2
"2355",175,157,61,51
"2356",145,160,127,117
"2357",28,31,3,1
"2358",1,2,11,15
"2359",79,67,0,0
"2360",29,20,2,1
"2361",128,112,91,80
"2362",69,54,45,41
"2363",5,5,32,24
"2364",35,23,13,20
"2365",12,15,5,8
"2366",28,27,1,0
"2367",54,46,46,47
"2368",16,17,19,17
"2369",6,7,39,36
"2370",4,2,627,643
"2371",55,43,67,70
"2372",50,55,23,25
"2373",75,59,111,113
"2374",10,10,55,48
"2375",32,16,42,22
"2376",18,21,0,0
"2377",63,62,6,7
"2378",56,51,53,55
"2379",69,59,47,60
"2380",16,12,6,12
"2381",46,57,71,97
"2382",11,11,8,6
"2383",52,45,89,91
"2384",16,22,0,0
"2385",87,96,77,69
"2386",16,17,13,9
"2387",18,21,80,76
"2388",44,44,100,101
"2389",13,27,8,11
"2390",49,43,23,19
"2391",46,41,18,11
"2392",48,50,34,26
"2393",89,82,46,34
"2394",12,19,17,25
"2395",19,13,3,0
"2396",39,46,37,37
"2397",61,50,39,44
"2398",17,32,36,36
"2399",2,1,163,168
"2400",27,14,41,50
"2401",20,18,7,7
"2402",90,90,93,70
"2403",275,273,264,245
"2404",335,297,187,158
"2405",109,93,135,113
"2406",124,122,47,62
"2407",28,13,10,4
"2408",73,77,102,99
"2409",91,70,93,102
"2410",114,85,53,39
"2411",81,67,0,2
"2412",9,2,20,14
"2413",26,23,24,25
"2414",11,10,15,7
"2415",45,48,0,0
"2416",11,27,11,9
"2417",1,0,17,11
"2418",37,41,20,20
"2419",26,26,2,5
"2420",28,21,0,0
"2421",53,50,36,32
"2422",38,53,24,26
"2423",44,34,3,3
"2424",17,17,8,18
"2425",12,17,14,12
"2426",0,0,7,14
"2427",36,42,11,11
"2428",52,45,114,117
"2429",22,16,5,5
"2430",30,25,0,0
"2431",546,530,809,737
"2432",81,58,86,113
"2433",45,53,22,27
"2434",9,10,14,21
"2435",73,86,45,47
"2436",17,21,22,18
"2437",23,22,33,28
"2438",28,29,7,6
"2439",2,4,12,10
"2440",17,11,27,21
"2441",84,91,121,108
"2442",16,17,5,4
"2443",89,77,84,69
"2444",132,136,39,43
"2445",46,41,11,29
"2446",20,19,18,8
"2447",138,145,85,85
"2448",160,149,86,72
"2449",80,101,17,18
"2450",643,603,169,159
"2451",66,76,27,34
"2452",22,26,52,57
"2453",21,18,10,5
"2454",179,152,278,249
"2455",21,20,7,4
"2456",144,125,32,32
"2457",24,22,0,0
"2458",1,2,36,25
"2459",36,35,29,40
"2460",83,93,31,26
"2461",70,75,39,23
"2462",18,17,0,0
"2463",18,16,4,9
"2464",225,193,59,53
"2465",112,109,0,0
"2466",278,261,169,164
"2467",18,21,3,0
"2468",407,361,189,187
"2469",593,640,315,269
"2470",67,70,29,36
"2471",369,371,137,108
"2472",63,62,30,22
"2473",228,216,1,6
"2474",92,86,55,48
"2475",0,0,23,43
"2476",150,132,1,4
"2477",523,513,614,568
"2478",175,174,0,2
"2479",67,64,24,29
"2480",54,46,7,7
"2481",111,103,102,82
"2482",67,63,87,75
"2483",12,20,1,0
"2484",27,27,21,13
"2485",51,39,115,97
"2486",408,400,232,221
"2487",89,70,82,81
"2488",80,76,81,73
"2489",124,109,107,96
"2490",8,10,44,35
"2491",0,1,22,18
"2492",55,58,78,98
"2493",57,73,255,255
"2494",0,0,125,98
"2495",195,210,108,79
"2496",13,17,0,0
"2497",53,65,23,30
"2498",446,395,239,223
"2499",135,118,40,49
"2500",45,49,10,8
"2501",0,1,489,509
"2502",264,226,85,66
"2503",44,38,21,16
"2504",214,198,128,135
"2505",7,10,32,29
"2506",93,104,65,61
"2507",40,43,16,20
"2508",59,71,27,16
"2509",70,79,20,18
"2510",270,253,206,180
"2511",25,14,15,15
"2512",35,46,16,17
"2513",71,68,35,34
"2514",324,253,282,234
"2515",21,16,15,17
"2516",32,28,1,1
"2517",42,32,12,13
"2518",148,129,0,0
"2519",59,71,32,37
"2520",51,43,20,13
"2521",50,28,6,8
"2522",205,242,51,56
"2523",240,276,105,96
"2524",35,39,41,45
"2525",45,39,0,0
"2526",126,104,57,46
"2527",27,38,8,6
"2528",277,265,123,129
"2529",237,228,230,189
"2530",91,98,83,70
"2531",76,78,88,88
"2532",15,11,32,33
"2533",10,11,10,10
"2534",14,14,0,0
"2535",264,204,81,77
"2536",140,148,35,36
"2537",36,52,8,14
"2538",188,168,153,150
"2539",37,43,36,30
"2540",85,95,63,56
"2541",52,78,0,0
"2542",27,18,0,1
"2543",82,61,58,69
"2544",434,440,137,159
"2545",237,246,69,64
"2546",284,250,96,89
"2547",424,388,140,135
"2548",91,70,0,0
"2549",324,330,499,480
"2550",1,2,26,22
"2551",69,47,0,0
"2552",42,51,2,2
"2553",296,314,237,220
"2554",266,268,93,67
"2555",45,56,51,46
"2556",108,75,46,32
"2557",117,112,31,37
"2558",23,32,13,21
"2559",356,336,204,186
"2560",130,168,120,114
"2561",165,146,113,95
"2562",14,20,2,3
"2563",39,46,0,0
"2564",141,137,56,48
"2565",80,75,24,25
"2566",172,158,140,134
"2567",14,20,3,0
"2568",3,2,24,24
"2569",73,74,194,147
"2570",24,28,20,16
"2571",24,42,48,42
"2572",161,150,42,32
"2573",67,69,134,99
"2574",37,33,53,32
"2575",158,145,2,4
"2576",44,38,60,68
"2577",60,57,46,52
"2578",74,80,364,297
"2579",195,166,276,237
"2580",32,34,33,28
"2581",11,12,4,7
"2582",16,30,41,31
"2583",21,26,36,20
"2584",8,13,168,121
"2585",76,84,26,37
"2586",164,168,88,94
"2587",23,17,13,12
"2588",82,83,126,136
"2589",212,188,131,117
"2590",204,197,136,118
"2591",147,179,138,120
"2592",13,13,2,2
"2593",249,239,289,274
"2594",24,18,1,0
"2595",140,144,158,146
"2596",4,9,25,24
"2597",16,18,22,21
"2598",5,7,9,18
"2599",77,79,84,70
"2600",40,37,26,18
"2601",442,421,522,515
"2602",116,91,32,22
"2603",215,220,86,67
"2604",43,48,17,16
"2605",378,328,220,212
"2606",2,1,166,174
"2607",15,15,14,12
"2608",22,20,18,17
"2609",35,36,138,127
"2610",16,14,60,66
"2611",347,330,280,230
"2612",63,58,62,67
"2613",11,12,38,36
"2614",37,35,0,0
"2615",26,24,11,5
"2616",36,30,12,6
"2617",20,28,0,0
"2618",73,56,45,45
"2619",52,37,42,45
"2620",24,24,25,20
"2621",22,13,10,4
"2622",96,119,49,42
"2623",23,21,24,22
"2624",18,12,15,11
"2625",44,36,36,31
"2626",77,63,2,1
"2627",77,65,61,88
"2628",42,37,83,69
"2629",27,24,0,0
"2630",25,30,36,20
"2631",83,78,51,64
"2632",29,18,37,27
"2633",36,54,32,40
"2634",37,36,24,21
"2635",31,37,10,12
"2636",7,9,13,10
"2637",1,0,154,142
"2638",109,99,124,111
"2639",69,72,11,17
"2640",46,41,17,13
"2641",17,14,7,13
"2642",84,77,33,31
"2643",11,13,45,40
"2644",44,41,11,15
"2645",25,25,0,1
"2646",21,11,5,5
"2647",242,239,0,0
"2648",15,8,30,23
"2649",38,37,36,22
"2650",8,15,16,9
"2651",56,67,56,55
"2652",90,87,77,68
"2653",58,50,27,16
"2654",197,185,0,0
"2655",12,3,11,3
"2656",19,14,21,17
"2657",13,9,7,4
"2658",30,31,8,8
"2659",156,147,86,99
"2660",17,16,10,7
"2661",72,63,21,21
"2662",23,23,7,12
"2663",106,108,92,81
"2664",36,41,5,6
"2665",3,6,79,75
"2666",13,14,13,11
"2667",296,286,445,414
"2668",12,22,37,32
"2669",2,3,34,22
"2670",46,43,30,29
"2671",20,22,5,5
"2672",6,8,13,13
"2673",18,13,143,127
"2674",24,32,0,1
"2675",8,14,8,9
"2676",35,32,127,108
"2677",22,41,20,19
"2678",41,47,25,15
"2679",18,9,8,8
"2680",109,89,28,46
"2681",126,137,71,80
"2682",1,0,31,31
"2683",7,1,30,23
"2684",59,52,0,1
"2685",8,4,12,10
"2686",63,59,51,65
"2687",24,11,4,14
"2688",65,61,140,130
"2689",4,3,11,13
"2690",31,28,0,0
"2691",212,174,16,15
"2692",35,25,17,19
"2693",3,6,12,15
"2694",14,35,27,32
"2695",100,90,75,76
"2696",11,9,18,13
"2697",64,72,0,0
"2698",20,16,0,0
"2699",32,19,22,34
"2700",45,39,1,0
"2701",16,16,22,18
"2702",9,15,10,9
"2703",150,141,91,82
"2704",12,6,26,17
"2705",157,138,0,0
"2706",40,48,10,15
"2707",63,65,0,0
"2708",4,9,7,7
"2709",103,115,35,25
"2710",71,65,15,9
"2711",31,30,9,10
"2712",24,29,42,28
"2713",40,60,44,33
"2714",34,36,39,34
"2715",22,34,19,18
"2716",129,112,0,2
"2717",100,72,0,0
"2718",11,17,7,10
"2719",108,97,92,60
"2720",22,14,23,22
"2721",16,10,2,2
"2722",1,9,7,15
"2723",36,33,68,70
"2724",4,7,1,2
"2725",17,12,20,14
"2726",52,34,37,43
"2727",43,51,47,41
"2728",126,129,60,66
"2729",97,75,165,153
"2730",18,11,0,0
"2731",9,14,15,12
"2732",7,11,7,5
"2733",127,130,174,193
"2734",196,183,0,1
"2735",9,5,13,10
"2736",95,96,40,60
"2737",13,8,9,15
"2738",30,28,34,27
"2739",15,18,53,56
"2740",25,27,15,22
"2741",491,527,339,304
"2742",1612,1542,1025,949
"2743",82,83,193,208
"2744",44,53,34,22
"2745",71,70,49,51
"2746",86,68,98,90
"2747",20,19,28,25
"2748",56,32,35,33
"2749",15,13,27,22
"2750",151,150,0,0
"2751",23,27,0,0
"2752",14,15,25,24
"2753",121,119,0,0
"2754",113,105,54,55
"2755",22,11,2,0
"2756",96,110,77,93
"2757",178,144,64,89
"2758",109,87,0,2
"2759",136,153,116,119
"2760",130,94,58,49
"2761",5,4,935,917
"2762",2062,2092,705,679
"2763",22,27,34,33
"2764",406,376,607,555
"2765",27,19,21,21
"2766",210,227,259,243
"2767",14,23,12,17
"2768",32,30,8,10
"2769",20,22,12,12
"2770",103,98,73,74
"2771",6,15,6,9
"2772",20,28,2,1
"2773",17,22,21,17
"2774",28,27,16,7
"2775",20,23,23,23
"2776",7,11,2,3
"2777",67,50,43,60
"2778",16,13,41,41
"2779",2,1,380,370
"2780",109,114,98,98
"2781",184,191,158,166
"2782",24,37,1,1
"2783",79,77,79,93
"2784",94,89,99,91
"2785",416,420,252,258
"2786",294,287,239,222
"2787",966,869,1103,1040
"2788",30,25,5,7
"2789",81,55,31,29
"2790",134,143,147,115
"2791",48,51,54,40
"2792",17,18,0,0
"2793",20,15,3,1
"2794",133,98,69,57
"2795",29,24,12,10
"2796",28,17,0,0
"2797",179,170,158,151
"2798",115,101,79,105
"2799",27,16,26,22
"2800",9,11,46,38
"2801",278,246,234,204
"2802",110,106,111,79
"2803",114,97,38,20
"2804",30,20,0,0
"2805",9,21,33,26
"2806",146,134,81,92
"2807",27,32,19,15
"2808",23,20,24,18
"2809",80,82,26,28
"2810",49,43,25,20
"2811",262,259,41,28
"2812",154,156,79,78
"2813",42,35,11,11
"2814",81,98,47,47
"2815",61,64,19,18
"2816",64,69,0,0
"2817",48,47,15,14
"2818",36,36,53,59
"2819",141,129,35,25
"2820",680,690,233,222
"2821",17,24,0,0
"2822",4,5,11,10
"2823",31,21,42,35
"2824",0,0,152,125
"2825",89,70,103,105
"2826",7,10,1,0
"2827",41,35,65,68
"2828",66,73,38,40
"2829",63,60,52,42
"2830",39,41,8,10
"2831",30,33,15,28
"2832",27,24,34,36
"2833",18,14,0,0
"2834",40,29,25,23
"2835",246,238,5,6
"2836",88,99,93,84
"2837",20,29,44,40
"2838",35,34,47,25
"2839",9,7,9,8
"2840",20,27,22,22
"2841",28,33,0,0
"2842",13,20,0,0
"2843",33,26,39,26
"2844",53,34,43,45
"2845",42,34,15,7
"2846",9,16,0,0
"2847",10,19,20,27
"2848",80,89,97,95
"2849",13,7,5,8
"2850",111,130,245,220
"2851",29,17,10,8
"2852",291,304,617,560
"2853",23,10,6,1
"2854",69,79,56,53
"2855",38,35,27,30
"2856",107,84,155,150
"2857",38,24,39,45
"2858",8,12,10,2
"2859",55,55,55,49
"2860",20,10,29,32
"2861",272,269,133,158
"2862",45,42,25,22
"2863",68,77,82,78
"2864",111,88,69,96
"2865",6,5,21,11
"2866",94,61,111,83
"2867",81,67,58,55
"2868",135,147,46,54
"2869",131,110,81,87
"2870",0,0,65,72
"2871",80,81,336,266
"2872",327,317,158,132
"2873",175,163,4,0
"2874",18,22,81,64
"2875",82,73,62,70
"2876",20,4,29,30
"2877",75,80,0,1
"2878",53,43,42,40
"2879",83,66,0,0
"2880",6,4,12,10
"2881",14,14,2,6
"2882",21,14,68,56
"2883",35,45,0,0
"2884",60,55,22,20
"2885",45,32,24,30
"2886",43,53,200,202
"2887",3,2,772,670
"2888",6,7,12,8
"2889",31,43,4,2
"2890",12,15,190,154
"2891",48,43,46,49
"2892",2,3,19,14
"2893",74,60,97,96
"2894",0,0,35,24
"2895",35,35,31,25
"2896",25,14,30,28
"2897",19,25,1,0
"2898",24,12,16,14
"2899",51,43,87,92
"2900",1,2,36,24
"2901",126,112,97,86
"2902",15,11,6,7
"2903",19,15,7,7
"2904",7,5,10,11
"2905",7,4,11,8
"2906",99,105,143,134
"2907",19,12,23,14
"2908",69,68,0,1
"2909",22,15,0,0
"2910",48,48,1,9
"2911",19,25,30,32
"2912",37,17,19,23
"2913",205,189,127,120
"2914",0,0,14,18
"2915",76,71,26,34
"2916",40,37,34,39
"2917",42,23,7,11
"2918",37,26,0,0
"2919",0,0,116,101
"2920",51,52,54,42
"2921",169,158,87,79
"2922",22,30,20,22
"2923",47,43,12,19
"2924",36,39,62,57
"2925",0,0,95,80
"2926",27,28,1,0
"2927",30,48,29,10
"2928",39,24,5,8
"2929",20,10,0,5
"2930",5,7,14,5
"2931",27,10,33,26
"2932",28,25,11,10
"2933",21,15,27,13
"2934",88,82,1,3
"2935",119,137,110,85
"2936",50,55,24,12
"2937",35,29,41,50
"2938",68,63,29,32
"2939",12,7,92,74
"2940",232,217,319,277
"2941",22,25,10,8
"2942",94,85,60,50
"2943",43,39,34,23
"2944",21,14,5,8
"2945",22,27,11,3
"2946",16,12,11,5
"2947",2,2,24,25
"2948",3,0,542,502
"2949",91,79,88,61
"2950",116,117,61,58
"2951",135,144,159,133
"2952",34,28,18,20
"2953",109,134,88,53
"2954",25,18,26,19
"2955",154,159,322,290
"2956",18,17,17,21
"2957",8,13,30,30
"2958",512,513,588,545
"2959",23,21,13,13
"2960",32,30,3,2
"2961",26,28,9,11
"2962",0,1,93,87
"2963",73,58,17,16
"2964",10,23,10,7
"2965",106,77,148,123
"2966",15,11,19,29
"2967",74,63,77,67
"2968",80,74,109,133
"2969",5,4,38,37
"2970",75,46,673,546
"2971",10,12,11,16
"2972",66,81,51,40
"2973",82,101,102,106
"2974",3,5,32,19
"2975",31,33,29,29
"2976",69,67,46,30
"2977",82,68,29,34
"2978",73,84,63,52
"2979",1,0,23,26
"2980",48,31,11,13
"2981",35,28,27,37
"2982",101,89,157,139
"2983",47,52,200,179
"2984",2,7,25,29
"2985",99,86,0,0
"2986",53,41,0,0
"2987",15,13,17,15
"2988",64,65,99,95
"2989",3,1,12,17
"2990",32,44,52,63
"2991",70,93,72,77
"2992",299,255,219,212
"2993",73,64,32,21
"2994",143,154,138,107
"2995",41,36,25,29
"2996",23,24,22,17
"2997",39,39,67,79
"2998",8,2,17,18
"2999",20,11,13,10
"3000",61,48,44,48
"3001",6,5,10,10
"3002",13,6,8,7
"3003",34,45,33,32
"3004",94,104,9,11
"3005",21,17,8,5
"3006",112,93,52,35
"3007",21,14,3,3
"3008",56,53,2,5
"3009",0,0,21,20
"3010",36,27,0,0
"3011",35,45,5,2
"3012",43,45,41,50
"3013",122,137,11,13
"3014",13,11,219,208
"3015",19,12,0,0
"3016",80,62,60,54
"3017",78,64,115,67
"3018",27,37,25,21
"3019",85,81,14,11
"3020",75,76,78,112
"3021",140,152,81,74
"3022",4,9,18,10
"3023",3,0,34,23
"3024",17,15,0,0
"3025",174,180,68,65
"3026",39,39,459,448
"3027",166,154,80,72
"3028",73,72,110,99
"3029",13,9,7,6
"3030",2,0,22,14
"3031",239,223,382,315
"3032",194,222,170,182
"3033",68,42,16,12
"3034",5,5,13,6
"3035",61,54,14,7
"3036",135,114,67,77
"3037",2,1,372,375
"3038",16,19,0,0
"3039",18,12,29,19
"3040",19,24,7,9
"3041",116,125,83,56
"3042",0,1,29,30
"3043",76,77,68,55
"3044",8,4,12,25
"3045",59,59,67,54
"3046",109,129,217,201
"3047",24,20,38,33
"3048",72,72,52,42
"3049",48,43,33,34
"3050",93,106,83,72
"3051",112,92,107,78
"3052",0,0,12,15
"3053",22,31,52,37
"3054",30,26,24,8
"3055",78,69,72,62
"3056",160,153,194,164
"3057",38,35,17,11
"3058",0,1,37,40
"3059",180,200,34,32
"3060",23,9,4,5
"3061",45,65,14,23
"3062",16,16,12,7
"3063",27,27,96,79
"3064",82,88,191,190
"3065",35,40,94,73
"3066",112,92,96,61
"3067",90,120,56,39
"3068",22,36,20,24
"3069",338,297,356,300
"3070",116,106,128,115
"3071",75,101,71,57
"3072",1432,1511,955,830
"3073",8,9,12,9
"3074",80,83,134,144
"3075",209,216,123,110
"3076",15,15,5,3
"3077",12,9,21,14
"3078",74,94,72,49
"3079",16,14,0,1
"3080",0,2,93,84
"3081",39,29,10,11
"3082",119,103,100,92
"3083",49,58,25,17
"3084",156,151,232,265
"3085",67,71,53,70
"3086",51,37,11,10
"3087",60,65,0,0
"3088",30,29,7,7
"3089",134,149,58,50
"3090",15,14,10,16
"3091",51,32,1,1
"3092",22,29,25,21
"3093",130,131,1,1
"3094",21,23,51,51
"3095",44,54,51,47
"3096",117,146,232,212
"3097",20,15,29,23
"3098",31,31,36,35
"3099",70,63,16,16
"3100",0,3,8,8
"3101",116,129,45,39
"3102",39,26,0,0
"3103",357,359,122,98
"3104",50,49,5,7
"3105",14,11,4,3
"3106",36,51,5,14
"3107",21,30,12,13
"3108",174,175,36,34
"3109",66,48,36,23
"3110",163,197,274,270
"3111",47,31,40,35
"3112",7,7,7,9
"3113",158,147,330,335
"3114",54,38,36,32
"3115",119,127,3,1
"3116",137,94,50,30
"3117",26,17,77,56
"3118",59,49,147,129
"3119",62,60,0,0
"3120",186,148,101,72
"3121",46,44,35,26
"3122",92,96,38,37
"3123",127,149,88,96
"3124",320,306,1143,1033
"3125",53,56,25,19
"3126",33,36,71,58
"3127",314,303,38,24
"3128",24,25,54,58
"3129",10,6,13,12
"3130",62,53,46,44
"3131",73,65,35,46
"3132",71,77,26,28
"3133",123,132,0,1
"3134",14,25,5,6
"3135",10,11,20,16
"3136",77,80,2,0
"3137",65,58,13,9
"3138",1,0,85,72
"3139",34,42,3,4
"3140",42,39,18,18
"3141",23,30,23,25
"3142",82,71,69,59
"3143",34,33,52,45
"3144",42,58,22,18
"3145",82,76,110,87
"3146",0,0,63,67
"3147",2,2,13,15
"3148",16,9,15,12
"3149",58,40,50,39
"3150",112,114,42,38
"3151",30,40,0,0
"3152",9,10,26,23
"3153",12,12,14,20
"3154",12,11,53,46
"3155",21,20,13,13
"3156",21,23,4,5
"3157",7,11,5,6
"3158",12,12,1,0
"3159",42,35,0,0
"3160",0,0,18,18
"3161",39,40,4,8
"3162",42,33,21,19
"3163",28,25,9,8
"3164",29,17,17,14
"3165",47,70,72,80
"3166",13,17,20,20
"3167",248,247,95,79
"3168",37,38,12,18
"3169",171,138,48,38
"3170",17,18,74,73
"3171",1,4,26,8
"3172",19,18,3,1
"3173",133,141,72,64
"3174",8,6,13,24
"3175",55,66,42,45
"3176",5,11,15,10
"3177",14,10,17,8
"3178",7,6,13,13
"3179",10,8,6,4
"3180",23,15,0,0
"3181",34,45,38,42
"3182",164,131,27,25
"3183",15,12,89,72
"3184",17,9,3,5
"3185",33,22,21,16
"3186",79,67,109,104
"3187",0,0,18,14
"3188",14,30,16,17
"3189",126,89,93,72
"3190",46,59,35,27
"3191",194,174,294,278
"3192",1,2,24,18
"3193",17,12,0,0
"3194",26,26,7,23
"3195",17,23,0,0
"3196",11,15,14,11
"3197",41,61,73,58
"3198",18,9,16,14
"3199",19,21,32,40
"3200",101,71,22,30
"3201",10,22,13,24
"3202",10,17,0,0
"3203",0,0,24,25
"3204",11,8,0,0
"3205",84,76,0,3
"3206",147,142,1,0
"3207",21,16,18,10
"3208",27,28,0,0
"3209",119,100,99,114
"3210",18,23,24,23
"3211",28,32,6,7
"3212",4,8,17,19
"3213",0,3,10,9
"3214",43,53,42,43
"3215",3,4,12,8
"3216",51,43,15,18
"3217",95,78,27,28
"3218",143,148,109,102
"3219",1,0,95,90
"3220",30,29,8,10
"3221",82,79,46,46
"3222",17,15,0,0
"3223",220,231,200,212
"3224",30,23,28,21
"3225",102,75,80,71
"3226",39,29,37,24
"3227",187,191,0,0
"3228",24,29,0,0
"3229",77,79,176,168
"3230",48,50,73,75
"3231",35,31,35,43
"3232",127,105,8,12
"3233",11,12,10,17
"3234",27,16,40,41
"3235",29,28,6,7
"3236",13,23,18,13
"3237",19,28,7,4
"3238",52,72,84,67
"3239",79,68,184,141
"3240",62,76,1,0
"3241",16,20,19,22
"3242",98,74,95,77
"3243",50,47,45,61
"3244",35,54,60,44
"3245",68,71,31,33
"3246",34,30,21,12
"3247",25,21,21,27
"3248",146,146,78,79
"3249",37,38,117,82
"3250",22,27,4,1
"3251",16,27,1,0
"3252",45,38,0,2
"3253",40,58,32,23
"3254",102,106,72,66
"3255",36,47,0,0
"3256",27,18,0,0
"3257",59,31,55,44
"3258",23,20,5,2
"3259",462,410,276,244
"3260",112,102,118,138
"3261",33,28,0,1
"3262",101,91,39,35
"3263",12,15,26,32
"3264",154,161,4,4
"3265",35,30,5,19
"3266",1156,1106,925,844
"3267",111,103,47,55
"3268",55,41,48,52
"3269",122,117,70,65
"3270",14,16,0,0
"3271",66,75,0,0
"3272",34,38,27,27
"3273",38,37,7,9
"3274",64,79,63,54
"3275",29,40,0,3
"3276",29,23,15,9
"3277",16,23,12,16
"3278",27,18,7,8
"3279",96,106,21,24
"3280",7,11,16,14
"3281",18,17,12,8
"3282",94,84,0,0
"3283",235,239,1,0
"3284",92,91,36,36
"3285",146,144,101,90
"3286",17,15,0,2
"3287",199,210,183,174
"3288",70,50,32,17
"3289",29,25,22,12
"3290",43,32,0,1
"3291",16,21,9,9
"3292",178,175,91,74
"3293",142,142,85,78
"3294",155,144,51,68
"3295",12,13,16,16
"3296",42,21,0,0
"3297",12,17,0,0
"3298",226,219,83,63
"3299",9,12,0,0
"3300",24,9,0,0
"3301",155,149,8,3
"3302",18,14,0,0
"3303",207,194,314,310
"3304",0,0,31,24
"3305",18,12,4,8
"3306",37,38,34,42
"3307",25,21,22,13
"3308",38,36,26,15
"3309",39,41,2,2
"3310",1160,1132,0,0
"3311",26,34,34,31
"3312",95,89,141,112
"3313",6,9,0,0
"3314",21,22,10,11
"3315",66,82,81,68
"3316",57,58,66,55
"3317",7,14,0,0
"3318",24,27,12,7
"3319",182,190,112,113
"3320",28,32,0,0
"3321",41,43,26,12
"3322",503,510,445,440
"3323",28,29,8,13
"3324",227,183,117,114
"3325",29,41,13,9
"3326",69,64,28,27
"3327",136,139,87,74
"3328",54,43,52,44
"3329",15,12,3,4
"3330",50,52,47,54
"3331",32,29,2,0
"3332",106,80,2,2
"3333",214,223,113,108
"3334",189,209,179,147
"3335",215,196,174,173
"3336",27,24,9,4
"3337",10,10,6,3
"3338",10,13,3,2
"3339",18,19,0,0
"3340",23,21,11,13
"3341",2,3,44,49
"3342",159,152,65,56
"3343",211,227,0,1
"3344",18,16,7,8
"3345",20,18,30,34
"3346",21,14,38,39
"3347",73,71,58,55
"3348",103,88,62,50
"3349",37,44,1,0
"3350",21,45,0,0
"3351",28,24,28,30
"3352",45,53,36,53
"3353",28,14,13,13
"3354",90,69,75,63
"3355",20,20,12,3
"3356",88,87,181,142
"3357",102,99,0,0
"3358",15,7,14,20
"3359",18,15,16,15
"3360",99,70,34,22
"3361",87,67,56,64
"3362",46,44,9,7
"3363",42,30,2,1
"3364",96,87,84,71
"3365",978,883,88,80
"3366",7,9,11,9
"3367",214,202,0,0
"3368",156,176,66,52
"3369",17,17,0,0
"3370",117,93,378,336
"3371",229,218,335,309
"3372",9,14,14,17
"3373",15,14,12,13
"3374",130,127,215,228
"3375",107,92,62,50
"3376",459,467,229,222
"3377",17,15,15,28
"3378",0,1,69,62
"3379",85,88,68,48
"3380",59,57,0,0
"3381",14,7,0,0
"3382",36,44,1,1
"3383",29,35,15,18
"3384",18,13,0,0
"3385",26,30,58,44
"3386",71,97,81,61
"3387",141,142,144,175
"3388",39,38,49,45
"3389",67,63,62,51
"3390",71,73,56,61
"3391",332,305,288,238
"3392",18,17,32,24
"3393",174,166,126,132
"3394",55,58,750,645
"3395",102,98,81,72
"3396",14,18,29,26
"3397",131,111,31,31
"3398",152,147,120,119
"3399",21,16,7,5
"3400",3,4,22,30
"3401",55,71,50,52
"3402",35,32,29,28
"3403",53,60,48,42
"3404",53,54,9,20
"3405",115,94,138,124
"3406",219,192,402,401
"3407",103,81,109,89
"3408",246,236,311,257
"3409",4,6,6,12
"3410",0,0,17,20
"3411",77,75,52,73
"3412",28,35,12,10
"3413",43,65,23,31
"3414",11,11,19,6
"3415",34,32,38,40
"3416",141,130,152,132
"3417",61,42,51,56
"3418",48,40,19,28
"3419",38,26,0,0
"3420",131,148,49,49
"3421",72,69,46,31
"3422",97,72,57,63
"3423",85,92,34,19
"3424",210,206,187,202
"3425",17,30,16,9
"3426",25,29,35,33
"3427",36,31,3,6
"3428",106,108,133,118
"3429",58,66,0,0
"3430",70,81,62,66
"3431",41,31,0,0
"3432",24,17,54,35
"3433",157,147,263,221
"3434",660,582,528,430
"3435",27,36,25,32
"3436",23,17,7,9
"3437",24,29,20,7
"3438",136,109,44,49
"3439",16,12,10,13
"3440",12,11,56,46
"3441",648,620,297,258
"3442",58,51,172,177
"3443",2,1,185,156
"3444",63,76,154,121
"3445",943,912,328,304
"3446",31,31,25,27
"3447",32,37,29,33
"3448",31,32,12,9
"3449",65,70,56,49
"3450",37,31,14,13
"3451",521,526,772,728
"3452",13,12,30,50
"3453",12,10,68,78
"3454",19,26,28,21
"3455",14,20,65,78
"3456",4,5,8,10
"3457",34,37,0,0
"3458",40,38,54,57
"3459",0,0,53,67
"3460",236,209,134,127
"3461",52,55,111,94
"3462",129,116,125,92
"3463",23,31,0,2
"3464",46,49,45,45
"3465",19524,18831,9450,8802
"3466",298,278,279,238
"3467",146,164,91,92
"3468",176,171,98,87
"3469",64,56,52,44
"3470",83,95,0,0
"3471",35,45,3,5
"3472",207,184,61,43
"3473",69,96,55,61
"3474",34,42,66,76
"3475",31,23,52,42
"3476",14,27,4,3
"3477",230,237,74,61
"3478",39,41,17,21
"3479",823,756,397,364
"3480",0,5,8,9
"3481",317,298,233,214
"3482",170,182,159,163
"3483",46,47,22,31
"3484",30,33,58,42
"3485",174,168,182,161
"3486",96,106,165,152
"3487",15,9,11,14
"3488",110,100,31,18
"3489",45,57,9,6
"3490",90,96,49,60
"3491",291,307,188,139
"3492",0,1,71,57
"3493",130,112,111,110
"3494",1,0,11,15
"3495",46,59,51,51
"3496",119,129,131,116
"3497",5,5,26,21
"3498",121,97,67,62
"3499",43,54,27,19
"3500",106,81,100,76
"3501",22,23,0,0
"3502",317,270,3,8
"3503",73,84,74,60
"3504",1,0,120,128
"3505",40,33,45,25
"3506",533,533,326,287
"3507",99,83,46,43
"3508",1,1,16,9
"3509",29,24,0,0
"3510",20,14,7,13
"3511",78,70,90,88
"3512",564,592,322,330
"3513",181,186,194,169
"3514",23,18,27,28
"3515",122,86,104,102
"3516",96,86,75,66
"3517",75,50,13,16
"3518",56,54,36,37
"3519",10,13,36,22
"3520",0,0,41,47
"3521",28,16,8,13
"3522",19,17,18,33
"3523",58,54,29,40
"3524",58,55,83,80
"3525",112,94,105,111
"3526",58,62,25,27
"3527",28,12,16,16
"3528",32,31,0,0
"3529",168,138,55,49
"3530",37,40,21,30
"3531",173,176,73,76
"3532",150,158,29,31
"3533",16,16,14,14
"3534",145,125,193,181
"3535",76,96,102,98
"3536",41,30,14,12
"3537",56,48,78,73
"3538",47,46,45,46
"3539",1,1,26,29
"3540",37,40,19,25
"3541",155,152,112,130
"3542",28,29,13,5
"3543",197,229,237,236
"3544",9,11,17,12
"3545",89,99,126,122
"3546",20,21,11,11
"3547",62,68,108,90
"3548",7,7,12,4
"3549",14,15,7,4
"3550",9,10,22,20
"3551",9,13,23,17
"3552",77,43,48,33
"3553",49,46,25,23
"3554",37,32,26,26
"3555",43,37,32,42
"3556",41,30,0,0
"3557",47,51,61,46
"3558",3,8,52,50
"3559",17,19,15,18
"3560",55,39,5,5
"3561",30,25,40,39
"3562",127,126,126,100
"3563",12,16,10,5
"3564",57,50,37,20
"3565",129,120,66,80
"3566",75,73,52,40
"3567",16,15,10,11
"3568",16,14,0,0
"3569",16,20,0,1
"3570",0,0,50,52
"3571",354,379,180,158
"3572",33,27,27,33
"3573",5,8,7,8
"3574",12,10,18,23
"3575",1,0,8,7
"3576",892,845,320,316
"3577",78,54,44,46
"3578",34,40,0,0
"3579",34,23,41,43
"3580",458,418,415,378
"3581",59,48,45,44
"3582",40,25,47,52
"3583",14,12,0,0
"3584",250,238,182,163
"3585",25,35,2,8
"3586",98,83,27,17
"3587",5,10,9,15
"3588",20,15,6,2
"3589",51,48,36,36
"3590",377,429,380,340
"3591",3,1,38,41
"3592",142,162,172,177
"3593",0,0,78,71
"3594",177,177,40,52
"3595",16,17,40,39
"3596",132,132,5,2
"3597",389,374,755,751
"3598",24,13,17,8
"3599",66,68,67,42
"3600",100,106,44,48
"3601",84,81,62,84
"3602",71,63,11,14
"3603",126,118,74,58
"3604",70,54,6,10
"3605",122,98,85,84
"3606",55,49,54,51
"3607",2020,1972,1891,1794
"3608",121,139,84,107
"3609",410,445,361,329
"3610",320,316,201,179
"3611",38,34,15,11
"3612",401,414,231,174
"3613",215,207,18,13
"3614",10,5,0,0
"3615",106,93,0,0
"3616",243,215,215,209
"3617",40,44,33,28
"3618",27,32,25,28
"3619",14,23,0,0
"3620",24,39,19,18
"3621",133,109,420,382
"3622",25,22,16,14
"3623",25,27,22,19
"3624",313,297,125,83
"3625",2,1,31,28
"3626",38,33,8,9
"3627",11,22,3,5
"3628",181,191,200,163
"3629",185,151,2,0
"3630",84,101,331,338
"3631",113,141,58,48
"3632",372,386,137,129
"3633",7,9,10,7
"3634",35,19,17,19
"3635",43,31,2,1
"3636",66,61,178,162
"3637",134,135,232,189
"3638",21,6,3,7
"3639",75,80,98,94
"3640",16,18,30,14
"3641",17,13,2,4
"3642",50,47,30,31
"3643",9,13,46,29
"3644",146,144,2,3
"3645",109,94,54,53
"3646",29,15,0,2
"3647",188,181,45,51
"3648",41,30,21,8
"3649",89,100,23,20
"3650",312,282,99,100
"3651",75,63,253,263
"3652",26,23,27,29
"3653",13,9,3,1
"3654",121,131,62,54
"3655",74,81,22,28
"3656",14,16,76,70
"3657",18,32,1,0
"3658",34,40,40,41
"3659",27,15,0,0
"3660",21,18,24,27
"3661",157,149,154,122
"3662",1,0,159,140
"3663",11,13,1,5
"3664",30,42,0,0
"3665",56,53,0,0
"3666",7,9,13,16
"3667",224,218,202,207
"3668",15,7,8,9
"3669",0,0,34,32
"3670",20,35,3,4
"3671",101,106,146,136
"3672",149,153,337,281
"3673",72,66,53,43
"3674",15,16,0,0
"3675",22,16,143,115
"3676",606,619,1,0
"3677",40,37,47,39
"3678",9,9,15,9
"3679",60,72,59,55
"3680",30,42,38,36
"3681",20,18,16,25
"3682",77,71,35,35
"3683",41,47,0,0
"3684",58,68,23,22
"3685",23,25,15,6
"3686",99,82,34,28
"3687",53,50,41,37
"3688",86,68,41,40
"3689",18,16,0,0
"3690",15,16,9,14
"3691",10,16,1,1
"3692",38,24,1,0
"3693",24,19,14,10
"3694",0,0,45,43
"3695",128,116,0,0
"3696",18,16,0,0
"3697",38,29,5,4
"3698",10,13,4,4
"3699",110,133,172,183
"3700",143,126,91,88
"3701",43,43,10,15
"3702",49,44,26,18
"3703",7,4,19,10
"3704",26,27,29,23
"3705",22,27,9,9
"3706",7,13,43,41
"3707",79,74,11,8
"3708",89,84,55,52
"3709",27,21,90,73
"3710",56,57,79,91
"3711",115,129,3,3
"3712",36,28,16,21
"3713",124,103,0,0
"3714",482,464,10,4
"3715",147,173,106,106
"3716",17,19,13,10
"3717",120,104,88,81
"3718",20,22,0,3
"3719",70,88,85,74
"3720",29,19,6,13
"3721",30,22,18,20
"3722",20,9,14,18
"3723",128,121,111,105
"3724",38,27,25,15
"3725",603,621,371,332
"3726",30,29,24,26
"3727",35,31,0,1
"3728",6,9,12,9
"3729",32,31,52,64
"3730",42,48,16,22
"3731",16,22,4,3
"3732",21,22,32,30
"3733",47,43,0,0
"3734",62,57,1,0
"3735",0,0,15,15
"3736",10,11,0,0
"3737",30,21,28,16
"3738",13,15,3,4
"3739",7,6,7,9
"3740",81,74,167,150
"3741",5,8,15,8
"3742",65,55,17,21
"3743",42,48,0,0
"3744",363,371,338,305
"3745",25,29,38,36
"3746",11,24,18,13
"3747",3,1,42,38
"3748",26,14,37,35
"3749",5,6,28,24
"3750",16,12,13,14
"3751",49,39,34,21
"3752",0,0,100,110
"3753",206,199,13,18
"3754",68,62,95,92
"3755",706,696,268,224
"3756",79,82,23,25
"3757",112,74,0,0
"3758",32,26,15,25
"3759",55,63,43,32
"3760",15,11,13,10
"3761",69,61,80,89
"3762",11,6,14,10
"3763",54,67,58,47
"3764",41,45,0,0
"3765",32,29,27,28
"3766",12,6,2,2
"3767",58,46,0,0
"3768",148,170,85,53
"3769",69,55,49,53
"3770",262,285,511,480
"3771",2,0,20,15
"3772",0,0,25,27
"3773",14,20,44,41
"3774",5,8,23,22
"3775",6,9,16,18
"3776",103,83,58,68
"3777",440,419,412,348
"3778",19,15,28,18
"3779",81,89,82,69
"3780",99,102,171,158
"3781",330,333,488,478
"3782",13,9,12,11
"3783",325,257,132,135
"3784",12,15,3,3
"3785",11,11,0,2
"3786",23,22,5,3
"3787",164,164,71,54
"3788",48,36,39,35
"3789",85,78,94,101
"3790",368,327,318,304
"3791",144,176,102,91
"3792",133,107,80,62
"3793",33,34,41,33
"3794",22,32,12,8
"3795",266,279,1066,960
"3796",140,129,236,230
"3797",51,48,59,69
"3798",1,1,9,16
"3799",66,50,58,57
"3800",50,58,57,45
"3801",7,6,48,38
"3802",70,63,94,80
"3803",14,11,0,1
"3804",15,16,14,8
"3805",42,56,46,32
"3806",141,125,200,201
"3807",32,31,0,0
"3808",26,35,10,9
"3809",7,6,99,94
"3810",4,2,19,11
"3811",324,296,227,174
"3812",1,6,14,16
"3813",62,55,81,50
"3814",30,34,0,0
"3815",147,144,105,119
"3816",141,148,79,77
"3817",105,107,56,58
"3818",29,17,10,9
"3819",51,40,30,26
"3820",62,49,50,41
"3821",11,22,1,0
"3822",64,54,82,52
"3823",46,65,74,78
"3824",39,24,20,21
"3825",57,59,0,0
"3826",17,16,85,79
"3827",90,80,50,47
"3828",20,23,66,54
"3829",2,2,17,8
"3830",12,16,6,6
"3831",53,54,27,22
"3832",12,11,12,13
"3833",91,61,66,52
"3834",15,16,18,14
"3835",23,9,11,10
"3836",12,16,15,10
"3837",13,12,8,17
"3838",4,5,13,10
"3839",84,42,49,33
"3840",28,26,112,106
"3841",39,28,0,0
"3842",20,30,0,0
"3843",150,141,35,30
"3844",163,128,117,97
"3845",19,9,9,9
"3846",23,22,44,31
"3847",36,32,11,27
"3848",19,12,2,2
"3849",64,59,21,26
"3850",66,67,49,45
"3851",259,282,177,167
"3852",10,17,21,19
"3853",3970,3748,923,875
"3854",62,68,0,0
"3855",348,369,130,139
"3856",206,194,130,140
"3857",25,27,32,28
"3858",15,19,7,5
"3859",23,16,24,24
"3860",1209,1151,897,832
"3861",171,175,151,162
"3862",62,36,11,17
"3863",23,14,4,6
"3864",15,9,11,8
"3865",50,48,0,0
"3866",124,128,190,180
"3867",51,54,0,0
"3868",1,0,35,38
"3869",48,36,6,8
"3870",47,42,64,57
"3871",11,12,21,21
"3872",8,12,8,6
"3873",7,6,8,13
"3874",33,27,31,27
"3875",136,132,85,88
"3876",169,162,0,0
"3877",277,282,27,26
"3878",60,46,70,62
"3879",42,32,54,50
"3880",31,41,103,144
"3881",12,14,0,0
"3882",107,86,114,116
"3883",186,196,272,257
"3884",13,24,8,6
"3885",234,193,40,58
"3886",34,49,48,34
"3887",57,59,1,1
"3888",61,61,31,32
"3889",119,128,83,68
"3890",37,27,0,0
"3891",7,4,10,5
"3892",18,26,39,38
"3893",8,8,6,5
"3894",19,11,28,19
"3895",57,80,151,127
"3896",390,400,250,216
"3897",28,35,2,1
"3898",97,97,1,1
"3899",15,9,0,0
"3900",66,69,18,36
"3901",358,375,110,146
"3902",39,26,38,30
"3903",32,37,50,54
"3904",1071,1015,625,549
"3905",27,21,40,39
"3906",183,187,158,138
"3907",174,160,68,63
"3908",75,81,26,52
"3909",11,15,13,15
"3910",45,42,46,45
"3911",18,23,25,26
"3912",33,50,41,46
"3913",57,46,192,161
"3914",23,33,17,15
"3915",1,0,96,88
"3916",186,154,109,108
"3917",14,12,170,143
"3918",24,22,18,14
"3919",86,102,102,105
"3920",196,194,752,693
"3921",112,86,37,62
"3922",31,44,10,16
"3923",5,4,13,7
"3924",37,39,32,27
"3925",41,44,123,104
"3926",25,27,22,13
"3927",63,59,94,102
"3928",18,17,25,16
"3929",19,22,24,20
"3930",7,4,10,12
"3931",85,87,98,82
"3932",18,19,48,42
"3933",41,51,21,9
"3934",42,44,5,1
"3935",52,59,0,0
"3936",19,16,53,59
"3937",0,0,218,196
"3938",40,26,1,0
"3939",27,15,0,0
"3940",491,533,177,172
"3941",233,227,126,126
"3942",24,29,0,0
"3943",161,174,137,123
"3944",21,25,0,0
"3945",21,14,21,29
"3946",14,21,5,6
"3947",22,25,26,22
"3948",45,44,25,16
"3949",22,21,0,0
"3950",64,53,15,23
"3951",22,23,14,19
"3952",81,79,0,0
"3953",30,26,80,87
"3954",75,80,50,47
"3955",38,42,24,24
"3956",390,361,242,199
"3957",22,35,36,32
"3958",44,46,26,19
"3959",11,12,2,9
"3960",12,15,6,11
"3961",18,22,21,26
"3962",32,37,23,23
"3963",11,8,4,5
"3964",56,59,61,66
"3965",0,0,93,92
"3966",30,33,7,9
"3967",94,95,49,48
"3968",83,93,0,0
"3969",18,11,15,15
"3970",18,16,9,7
"3971",44,34,0,0
"3972",83,80,284,257
"3973",57,55,54,50
"3974",29,40,155,138
"3975",23,22,5,8
"3976",24,17,50,55
"3977",11,19,0,0
"3978",10,13,15,11
"3979",75,78,8,6
"3980",1,1,13,14
"3981",132,126,161,133
"3982",286,264,71,56
"3983",12,14,6,11
"3984",199,188,126,119
"3985",14,9,7,7
"3986",164,145,124,115
"3987",38,31,27,35
"3988",109,106,28,27
"3989",215,216,42,45
"3990",56,42,29,25
"3991",70,52,65,65
"3992",46,50,38,27
"3993",38,53,16,10
"3994",94,72,88,96
"3995",8,13,41,45
"3996",27,28,0,0
"3997",27,14,21,32
"3998",24,32,12,12
"3999",10,14,29,29
"4000",331,341,410,369
"4001",153,166,10,12
"4002",10,10,16,12
"4003",84,69,82,76
"4004",69,56,83,60
"4005",23,15,31,20
"4006",0,1,97,94
"4007",32,35,2,3
"4008",86,77,9,7
"4009",113,110,38,42
"4010",149,149,30,35
"4011",59,44,50,40
"4012",100,104,138,118
"4013",7,6,8,7
"4014",80,78,88,82
"4015",4,4,17,15
"4016",1,1,167,182
"4017",192,155,72,68
"4018",36,29,1,0
"4019",28,20,19,19
"4020",21,26,96,75
"4021",25,31,31,31
"4022",13,13,19,25
"4023",216,187,112,75
"4024",445,439,415,406
"4025",77,78,67,52
"4026",1776,1766,3,2
"4027",164,151,90,94
"4028",82,72,0,0
"4029",308,270,230,231
"4030",43,45,0,0
"4031",114,98,148,147
"4032",3,1,12,13
"4033",445,404,238,221
"4034",307,290,353,335
"4035",632,595,574,540
"4036",120,137,120,113
"4037",109,105,51,45
"4038",68,65,93,97
"4039",13,17,5,11
"4040",26,26,23,33
"4041",15,10,1,5
"4042",49,36,15,21
"4043",65,60,22,20
"4044",320,270,242,252
"4045",147,145,90,107
"4046",71,46,29,36
"4047",224,206,80,80
"4048",15,9,5,8
"4049",21,27,0,2
"4050",58,43,33,22
"4051",142,166,150,107
"4052",106,118,0,0
"4053",269,264,306,287
"4054",38,57,116,114
"4055",102,88,102,87
"4056",15,17,9,11
"4057",17,8,16,29
"4058",21,18,19,27
"4059",60,68,1,0
"4060",35,32,13,10
"4061",58,78,31,24
"4062",55,43,4,3
"4063",0,0,82,50
"4064",38,41,0,0
"4065",26,17,17,24
"4066",109,101,39,34
"4067",18,10,20,23
"4068",0,0,14,12
"4069",202,181,20,9
"4070",61,62,0,0
"4071",295,294,114,79
"4072",120,94,110,119
"4073",20,23,5,4
"4074",26,29,65,58
"4075",10,13,1,1
"4076",163,156,37,38
"4077",65,52,58,54
"4078",379,373,98,81
"4079",17,11,2,0
"4080",396,395,185,181
"4081",51,41,150,160
"4082",84,86,140,152
"4083",293,299,293,317
"4084",35,28,73,55
"4085",135,123,66,54
"4086",151,132,79,87
"4087",141,125,192,156
"4088",155,154,69,98
"4089",25,28,4,4
"4090",130,151,89,80
"4091",126,101,66,67
"4092",200,213,214,186
"4093",38,39,10,7
"4094",248,234,340,409
"4095",28,43,9,9
"4096",407,368,284,274
"4097",30,26,16,17
"4098",196,219,115,124
"4099",230,261,153,110
"4100",64,51,30,15
"4101",417,433,226,173
"4102",6655,6600,2301,2339
"4103",73,65,0,0
"4104",597,663,750,689
"4105",146,146,178,157
"4106",42,28,142,136
"4107",13,23,11,8
"4108",136,95,0,0
"4109",153,123,81,80
"4110",154,119,51,54
"4111",108,117,0,0
"4112",61,55,38,28
"4113",14,10,10,9
"4114",74,68,45,41
"4115",1,0,16,35
"4116",25,23,19,24
"4117",18,17,0,0
"4118",31,21,0,0
"4119",18,18,18,9
"4120",3,2,14,22
"4121",328,301,256,285
"4122",10,6,8,5
"4123",16,12,82,64
"4124",2,5,28,26
"4125",414,388,285,275
"4126",0,1,9,11
"4127",38,31,28,19
"4128",20,13,3,9
"4129",244,215,157,158
"4130",23,25,23,23
"4131",41,40,35,18
"4132",56,40,18,12
"4133",41,49,67,50
"4134",292,312,253,242
"4135",285,324,309,256
"4136",65,61,11,12
"4137",88,79,46,46
"4138",62,65,86,94
"4139",69,82,24,23
"4140",87,81,59,57
"4141",16,9,24,19
"4142",27,17,215,238
"4143",25,23,12,6
"4144",9,5,73,65
"4145",73,79,74,65
"4146",17,29,0,0
"4147",131,143,63,64
"4148",37,36,10,12
"4149",14,14,13,9
"4150",10,9,17,12
"4151",25,30,29,29
"4152",142,131,0,0
"4153",48,41,510,525
"4154",64,81,68,57
"4155",14,17,4,1
"4156",12,10,36,28
"4157",27,47,55,58
"4158",20,22,0,0
"4159",78,52,75,84
"4160",44,39,8,5
"4161",16,13,0,0
"4162",33,40,0,2
"4163",346,351,336,298
"4164",148,154,102,80
"4165",34,32,23,21
"4166",33,26,5,11
"4167",63,62,9,2
"4168",11,15,19,11
"4169",57,49,56,68
"4170",15,16,4,1
"4171",113,117,97,87
"4172",179,149,39,39
"4173",123,108,114,112
"4174",7,9,14,18
"4175",58,48,39,42
"4176",66,81,0,0
"4177",27,36,20,26
"4178",39,28,2,4
"4179",917,845,719,601
"4180",11,12,0,0
"4181",80,77,56,60
"4182",10,18,17,14
"4183",12,18,0,0
"4184",83,59,22,22
"4185",19,11,0,0
"4186",11,9,20,19
"4187",41,57,88,72
"4188",61,51,126,146
"4189",23,22,12,9
"4190",120,72,9,8
"4191",0,0,28,29
"4192",30,41,24,25
"4193",51,49,38,40
"4194",28,26,28,18
"4195",19,17,0,0
"4196",13,13,35,38
"4197",21,19,41,38
"4198",0,4,27,28
"4199",84,98,175,164
"4200",38,42,40,40
"4201",167,182,156,116
"4202",14,13,0,0
"4203",65,49,17,21
"4204",135,110,153,121
"4205",98,101,116,121
"4206",166,183,42,50
"4207",149,111,35,41
"4208",67,47,62,45
"4209",62,61,17,18
"4210",229,228,87,81
"4211",386,421,450,447
"4212",31,33,63,43
"4213",59,62,13,9
"4214",40,45,69,59
"4215",71,73,0,0
"4216",0,0,14,12
"4217",65,50,26,37
"4218",129,110,0,0
"4219",12,10,7,15
"4220",51,55,0,0
"4221",89,77,111,92
"4222",1073,1127,874,777
"4223",19,19,7,6
"4224",113,99,23,20
"4225",19,17,15,15
"4226",61,39,0,0
"4227",207,197,100,78
"4228",6,17,14,14
"4229",6,7,130,122
"4230",55,75,60,75
"4231",53,40,148,179
"4232",35,21,18,15
"4233",146,117,133,99
"4234",26,11,1,0
"4235",139,141,125,116
"4236",0,0,11,9
"4237",55,52,75,67
"4238",56,61,115,110
"4239",37,37,31,26
"4240",56,46,14,18
"4241",0,0,28,26
"4242",17,24,0,0
"4243",47,58,46,44
"4244",14,18,0,0
"4245",9,4,15,9
"4246",19,10,9,5
"4247",52,44,0,1
"4248",11,12,14,27
"4249",126,121,42,25
"4250",47,70,69,64
"4251",57,44,14,19
"4252",32,48,105,92
"4253",0,0,42,32
"4254",64,47,6,13
"4255",45,38,34,43
"4256",12,9,40,27
"4257",11,9,28,14
"4258",395,362,338,337
"4259",59,63,12,10
"4260",75,75,44,58
"4261",260,254,191,164
"4262",128,109,52,47
"4263",95,65,69,64
"4264",17,24,18,18
"4265",109,127,65,67
"4266",1,1,17,11
"4267",45,36,0,0
"4268",176,159,172,132
"4269",23,32,0,0
"4270",13,6,1,3
"4271",57,66,39,26
"4272",0,0,57,43
"4273",25,33,54,46
"4274",212,237,198,225
"4275",22,21,21,30
"4276",47,42,45,44
"4277",49,42,28,23
"4278",24,18,0,0
"4279",44,45,13,11
"4280",26,17,18,15
"4281",49,58,44,33
"4282",5,13,13,13
"4283",26,38,0,0
"4284",27,25,15,13
"4285",408,395,403,350
"4286",37,28,18,17
"4287",6,4,6,7
"4288",35,34,26,14
"4289",25,39,27,19
"4290",32,42,156,112
"4291",20,16,14,11
"4292",33,29,20,23
"4293",111,85,1,0
"4294",92,64,0,0
"4295",46,46,51,36
"4296",14,17,13,11
"4297",230,211,165,159
"4298",95,76,0,0
"4299",62,47,0,0
"4300",75,54,12,15
"4301",34,26,0,0
"4302",21,19,0,1
"4303",10,11,14,15
"4304",150,131,52,57
"4305",3410,3252,1185,1094
"4306",563,555,57,62
"4307",45,58,24,15
"4308",93,104,63,61
"4309",19,29,0,0
"4310",35,26,10,26
"4311",11,14,20,21
"4312",12,15,0,0
"4313",0,0,10,6
"4314",176,173,190,154
"4315",34,43,31,44
"4316",107,85,139,122
"4317",123,118,0,0
"4318",4,5,15,17
"4319",97,91,0,1
"4320",0,0,72,75
"4321",35,32,6,5
"4322",23,18,0,0
"4323",0,1,19,25
"4324",113,105,60,49
"4325",2,7,12,11
"4326",26,25,0,0
"4327",60,71,21,16
"4328",65,64,21,28
"4329",1,1,140,142
"4330",27,21,0,0
"4331",0,0,22,18
"4332",86,79,82,85
"4333",74,87,19,34
"4334",1,0,90,95
"4335",47,53,0,0
"4336",24,23,23,14
"4337",18,13,17,11
"4338",18,26,5,8
"4339",0,0,7,7
"4340",48,35,16,13
"4341",56,43,69,64
"4342",16,17,12,8
"4343",21,11,16,7
"4344",0,0,11,14
"4345",17,19,3,6
"4346",354,316,171,143
"4347",160,159,15,12
"4348",27,33,348,335
"4349",43,28,3,3
"4350",140,146,199,182
"4351",36,54,50,29
"4352",16,12,0,0
"4353",0,0,12,16
"4354",33,27,37,39
"4355",28,32,371,376
"4356",106,92,61,61
"4357",0,0,38,28
"4358",30,23,33,31
"4359",12,11,16,22
"4360",51,44,29,24
"4361",123,135,151,129
"4362",33,45,16,11
"4363",0,0,21,18
"4364",22,24,33,28
"4365",56,58,79,80
"4366",236,242,333,252
"4367",85,97,29,33
"4368",2,6,35,34
"4369",60,59,122,128
"4370",23,19,12,10
"4371",56,54,22,20
"4372",87,94,0,0
"4373",121,120,117,115
"4374",90,83,66,83
"4375",71,64,28,26
"4376",117,119,259,261
"4377",47,40,36,40
"4378",0,0,73,104
"4379",111,100,143,118
"4380",306,296,263,262
"4381",0,1,23,10
"4382",62,55,19,21
"4383",9,4,26,30
"4384",24,20,21,13
"4385",235,195,73,66
"4386",11,7,37,39
"4387",3,5,33,31
"4388",68,80,45,57
"4389",3,4,22,14
"4390",150,139,0,0
"4391",26,24,0,0
"4392",211,265,178,156
"4393",63,68,54,66
"4394",149,176,142,143
"4395",3,0,36,17
"4396",36,30,142,110
"4397",133,134,175,178
"4398",2,5,10,10
"4399",11,9,12,8
"4400",115,103,43,31
"4401",148,125,117,116
"4402",86,77,86,87
"4403",61,57,148,128
"4404",45,42,2,3
"4405",43,34,12,23
"4406",2,0,218,197
"4407",27,16,0,0
"4408",232,219,138,128
"4409",22,19,7,5
"4410",0,0,11,13
"4411",203,203,164,147
"4412",31,30,23,18
"4413",14,9,16,17
"4414",90,72,6,7
"4415",159,155,664,614
"4416",35,51,0,0
"4417",69,53,51,51
"4418",40,32,20,14
"4419",9,11,11,13
"4420",100,96,81,50
"4421",20,26,28,25
"4422",28,26,25,18
"4423",61,64,138,130
"4424",16,24,2,4
"4425",36,42,135,131
"4426",24,31,21,14
"4427",9,4,13,9
"4428",628,573,453,429
"4429",6,4,9,18
"4430",11,15,5,7
"4431",103,102,119,113
"4432",1,3,44,25
"4433",6,9,10,15
"4434",0,0,17,11
"4435",2,2,12,13
"4436",21,24,18,21
"4437",240,248,226,202
"4438",20,16,6,7
"4439",0,0,12,7
"4440",15,13,14,14
"4441",17,8,9,9
"4442",32,28,2,7
"4443",20,11,0,2
"4444",12,13,13,18
"4445",0,0,23,17
"4446",26,33,57,67
"4447",30,34,163,134
"4448",158,123,56,40
"4449",22,27,0,0
"4450",99,87,56,55
"4451",26,27,2,0
"4452",21,23,3,9
"4453",215,189,1,0
"4454",31,33,10,14
"4455",151,152,78,81
"4456",17,23,0,0
"4457",112,111,69,59
"4458",48,50,0,0
"4459",12,17,3,2
"4460",22,26,38,35
"4461",12,23,5,9
"4462",14,9,52,51
"4463",14,12,10,10
"4464",21,21,59,57
"4465",50,53,8,3
"4466",199,194,255,195
"4467",84,71,81,77
"4468",65,70,55,68
"4469",162,186,0,0
"4470",305,293,175,171
"4471",62,74,41,40
"4472",25,26,4,6
"4473",29,20,17,21
"4474",41,41,6,4
"4475",204,177,67,77
"4476",54,61,46,40
"4477",1,2,30,26
"4478",176,167,146,131
"4479",33,30,0,0
"4480",74,90,1,2
"4481",33,26,0,1
"4482",108,100,166,163
"4483",51,45,17,7
"4484",230,228,279,300
"4485",22,24,0,0
"4486",7,2,12,15
"4487",140,144,0,1
"4488",10,6,8,12
"4489",13,9,5,5
"4490",66,56,0,0
"4491",251,283,97,107
"4492",70,55,18,21
"4493",272,299,192,232
"4494",43,32,16,15
"4495",15,15,14,16
"4496",272,273,68,68
"4497",112,103,126,118
"4498",40,48,15,23
"4499",187,168,0,0
"4500",15,8,8,11
"4501",13,17,3,1
"4502",38,44,24,24
"4503",13,8,17,10
"4504",0,0,30,33
"4505",46,28,21,20
"4506",13,19,6,6
"4507",10,12,0,0
"4508",0,0,53,39
"4509",10,11,17,19
"4510",14,11,13,16
"4511",104,101,23,20
"4512",28,33,0,0
"4513",127,131,149,128
"4514",10,14,14,21
"4515",13,20,1,2
"4516",163,156,252,242
"4517",24,26,7,6
"4518",45,60,76,85
"4519",0,0,172,162
"4520",812,826,1,0
"4521",51,52,44,56
"4522",221,201,130,128
"4523",3,5,6,10
"4524",33,32,23,22
"4525",0,0,29,25
"4526",261,242,105,131
"4527",17,15,33,54
"4528",44,38,117,126
"4529",36,25,18,10
"4530",51,49,67,72
"4531",0,0,17,16
"4532",26,30,6,10
"4533",16,15,8,9
"4534",91,73,10,7
"4535",47,44,55,52
"4536",50,47,42,53
"4537",20,27,50,42
"4538",72,99,82,74
"4539",534,512,471,454
"4540",30,34,0,0
"4541",14,18,0,0
"4542",0,0,19,18
"4543",9,15,0,0
"4544",8,14,5,6
"4545",19,10,11,17
"4546",227,212,76,84
"4547",165,148,226,235
"4548",66,76,27,22
"4549",161,114,43,43
"4550",14,10,3,1
"4551",65,52,12,10
"4552",49,52,30,31
"4553",15,17,17,14
"4554",681,610,212,225
"4555",63,64,28,39
"4556",56,49,216,195
"4557",228,209,18,21
"4558",111,89,0,0
"4559",54,50,28,34
"4560",10,16,129,104
"4561",22,29,34,16
"4562",51,50,10,13
"4563",23,15,6,6
"4564",1,1,143,129
"4565",15,21,1,3
"4566",150,172,0,0
"4567",32,32,25,32
"4568",20,14,0,0
"4569",100,93,82,71
"4570",8,6,19,18
"4571",5,9,9,9
"4572",62,77,59,41
"4573",13,15,17,15
"4574",11,7,30,29
"4575",14,13,166,196
"4576",114,112,161,149
"4577",17,21,5,4
"4578",371,328,65,85
"4579",54,66,82,84
"4580",189,173,177,157
"4581",26,42,25,18
"4582",26,33,5,11
"4583",266,250,209,221
"4584",8,2,12,8
"4585",10,10,8,7
"4586",23,15,48,43
"4587",176,215,78,55
"4588",1967,1910,1485,1339
"4589",165,148,119,105
"4590",57,72,27,27
"4591",135,134,203,182
"4592",54,60,23,27
"4593",24,33,410,325
"4594",12,14,5,9
"4595",193,201,111,90
"4596",21,20,63,65
"4597",3,3,50,44
"4598",68,68,81,66
"4599",59,43,30,22
"4600",89,85,29,30
"4601",14,17,8,3
"4602",36,26,27,28
"4603",38,36,1,0
"4604",0,0,77,67
"4605",39,42,34,31
"4606",93,100,165,166
"4607",105,106,36,39
"4608",22,22,44,31
"4609",137,115,58,52
"4610",93,69,77,53
"4611",3,3,20,29
"4612",19,32,32,23
"4613",58,57,0,0
"4614",14,4,5,3
"4615",28,22,14,15
"4616",17,15,31,27
"4617",21,19,7,6
"4618",76,63,27,13
"4619",31,29,10,5
"4620",122,116,62,64
"4621",23,34,31,31
"4622",41,51,32,22
"4623",2,2,10,11
"4624",0,1,2,6
"4625",263,237,96,79
"4626",298,305,117,100
"4627",44,41,4,0
"4628",65,71,44,39
"4629",96,92,1097,997
"4630",23,21,22,15
"4631",152,146,76,66
"4632",102,97,0,0
"4633",16,18,32,39
"4634",106,106,31,27
"4635",9,9,3,2
"4636",7,10,0,0
"4637",101,80,24,28
"4638",27,25,45,42
"4639",6,11,74,50
"4640",16,14,24,13
"4641",26,12,11,10
"4642",18,25,15,14
"4643",52,37,16,14
"4644",14,21,15,10
"4645",20,22,263,245
"4646",529,524,354,308
"4647",20,16,28,37
"4648",15,15,30,36
"4649",128,111,96,88
"4650",41,31,23,18
"4651",16,18,22,19
"4652",51,60,37,43
"4653",140,99,71,60
"4654",128,118,94,106
"4655",69,69,162,138
"4656",305,268,277,247
"4657",107,129,2,2
"4658",11,12,14,8
"4659",29,19,3,6
"4660",52,41,19,15
"4661",7,3,28,24
"4662",9,9,6,9
"4663",13,3,15,12
"4664",9,12,5,6
"4665",15,12,17,14
"4666",286,335,13,4
"4667",27,19,24,16
"4668",23,31,0,0
"4669",323,315,212,152
"4670",209,214,67,74
"4671",34,37,22,22
"4672",41,40,58,53
"4673",41,47,0,0
"4674",80,53,28,26
"4675",35,40,6,7
"4676",130,106,161,162
"4677",116,114,48,45
"4678",213,223,205,152
"4679",28,29,12,11
"4680",48,70,65,68
"4681",41,50,19,13
"4682",1074,983,1612,1547
"4683",29,9,30,30
"4684",35,47,0,0
"4685",228,219,191,143
"4686",165,180,6,6
"4687",12,7,6,5
"4688",69,62,104,75
"4689",519,521,13,13
"4690",23,23,24,24
"4691",50,50,179,178
"4692",0,0,22,21
"4693",48,60,54,37
"4694",819,772,1262,1162
"4695",91,101,2,0
"4696",57,54,1,1
"4697",524,579,442,456
"4698",177,192,403,358
"4699",9,12,13,6
"4700",215,197,1,0
"4701",60,59,81,61
"4702",477,449,672,682
"4703",56,57,47,45
"4704",9,18,0,0
"4705",29,43,13,9
"4706",100,97,202,202
"4707",48,52,33,37
"4708",16,8,9,11
"4709",674,645,1457,1257
"4710",1528,1420,2320,2069
"4711",203,195,80,75
"4712",40,43,80,93
"4713",74,76,108,105
"4714",277,281,446,381
"4715",522,525,245,227
"4716",215,183,112,90
"4717",49,48,66,48
"4718",113,118,5,11
"4719",14,19,8,3
"4720",176,163,134,145
"4721",142,137,58,61
"4722",27,32,6,5
"4723",22,20,32,30
"4724",380,377,646,592
"4725",10,10,0,0
"4726",65,48,7,2
"4727",25,21,19,12
"4728",18,17,6,7
"4729",179,182,16,16
"4730",19,24,18,10
"4731",13,10,5,5
"4732",52,58,34,27
"4733",95,78,0,0
"4734",46,44,41,38
"4735",21,25,0,0
"4736",48,47,1,3
"4737",40,35,32,30
"4738",107,104,137,106
"4739",46,37,49,36
"4740",123,127,100,107
"4741",20,29,33,35
"4742",29,24,39,23
"4743",0,0,26,18
"4744",3,0,333,274
"4745",26,29,9,11
"4746",26,18,16,11
"4747",52,56,31,36
"4748",21,18,7,5
"4749",32,25,0,0
"4750",202,208,45,46
"4751",28,22,43,35
"4752",30,30,40,33
"4753",46,38,34,24
"4754",10,8,8,10
"4755",36,38,61,52
"4756",19,22,0,0
"4757",2,0,17,11
"4758",80,86,73,65
"4759",41,30,34,22
"4760",34,33,39,27
"4761",22,16,17,13
"4762",65,49,12,9
"4763",1,0,10,13
"4764",19,22,51,65
"4765",24,31,39,46
"4766",103,93,2,2
"4767",60,46,42,43
"4768",31,35,2,5
"4769",4,5,70,71
"4770",230,250,335,307
"4771",59,61,8,3
"4772",21,25,18,17
"4773",282,261,129,113
"4774",21,16,0,0
"4775",0,0,19,14
"4776",60,58,0,0
"4777",11,5,3,3
"4778",2,3,12,11
"4779",66,72,14,12
"4780",1,1,8,10
"4781",93,72,42,47
"4782",80,77,24,27
"4783",34,32,0,0
"4784",1,0,173,153
"4785",43,21,33,16
"4786",44,37,21,20
"4787",12,25,2,5
"4788",35,47,28,31
"4789",37,42,19,28
"4790",28,40,35,33
"4791",10,13,5,15
"4792",48,48,41,41
"4793",38,58,29,22
"4794",15,13,12,10
"4795",93,78,14,12
"4796",25,21,2,4
"4797",44,49,0,0
"4798",14,15,3,4
"4799",141,145,537,522
"4800",173,175,140,106
"4801",10,9,0,0
"4802",207,207,303,302
"4803",28,29,12,9
"4804",80,80,90,57
"4805",193,215,146,140
"4806",11,17,14,15
"4807",39,30,17,17
"4808",17,22,5,5
"4809",2,2,657,623
"4810",28,33,366,382
"4811",88,109,16,25
"4812",118,104,64,63
"4813",47,29,38,45
"4814",47,58,85,72
"4815",30,31,33,40
"4816",44,57,44,53
"4817",173,153,36,30
"4818",120,135,96,92
"4819",2,0,82,94
"4820",4,5,26,22
"4821",13,11,0,0
"4822",12,10,8,5
"4823",52,54,127,116
"4824",19,11,8,7
"4825",33,35,33,22
"4826",56,35,24,23
"4827",0,0,10,12
"4828",22,13,0,0
"4829",19,24,0,6
"4830",12,8,25,15
"4831",9,7,8,14
"4832",12,20,31,31
"4833",10,4,7,11
"4834",18,12,23,19
"4835",62,64,34,19
"4836",199,171,153,150
"4837",12,16,6,12
"4838",12,18,16,2
"4839",14,15,6,9
"4840",6,5,10,9
"4841",35,21,39,39
"4842",90,66,154,150
"4843",74,65,52,41
"4844",64,69,4,1
"4845",38,37,34,44
"4846",410,394,583,555
"4847",11,8,9,7
"4848",20,27,6,4
"4849",5,2,24,15
"4850",7,9,0,0
"4851",824,820,623,548
"4852",337,318,71,59
"4853",27,30,55,40
"4854",10,8,18,9
"4855",42,46,44,52
"4856",11,23,14,14
"4857",79,88,70,61
"4858",3,3,5,5
"4859",15,27,18,15
"4860",0,0,19,10
"4861",10,8,177,165
"4862",22,20,0,0
"4863",21,29,23,20
"4864",62,53,31,30
"4865",9,12,20,11
"4866",48,40,45,36
"4867",22,30,6,5
"4868",321,319,60,62
"4869",77,52,13,9
"4870",18,16,23,27
"4871",36,20,1,1
"4872",2,2,8,11
"4873",15,20,17,19
"4874",17,9,0,2
"4875",0,0,36,42
"4876",36,38,69,75
"4877",217,225,266,219
"4878",20,12,3,5
"4879",2,4,16,23
"4880",48,42,16,14
"4881",5,7,13,9
"4882",0,1,17,10
"4883",84,74,100,90
"4884",25,27,55,56
"4885",14,21,17,22
"4886",36,24,11,9
"4887",67,68,21,18
"4888",44,50,39,42
"4889",17,18,4,6
"4890",20,19,16,8
"4891",1,1,37,41
"4892",17,11,15,22
"4893",33,35,61,54
"4894",86,88,2,4
"4895",6,4,19,18
"4896",0,0,43,32
"4897",18,17,17,23
"4898",12,6,27,18
"4899",13,21,41,39
"4900",166,171,48,49
"4901",22,25,41,46
"4902",12,16,0,0
"4903",28,25,20,12
"4904",23,13,5,3
"4905",18,16,14,8
"4906",26,26,0,0
"4907",38,49,65,75
"4908",0,0,46,36
"4909",6,5,7,14
"4910",40,41,23,28
"4911",14,9,0,0
"4912",17,25,17,11
"4913",114,108,89,100
"4914",45,33,83,62
"4915",18,9,12,12
"4916",23,19,0,0
"4917",14,5,6,11
"4918",0,0,58,53
"4919",4,5,99,94
"4920",18,14,12,19
"4921",20,20,1,2
"4922",189,214,735,745
"4923",12,15,18,16
"4924",12,12,9,11
"4925",21,23,26,20
"4926",5,2,14,7
"4927",27,24,0,0
"4928",0,0,10,14
"4929",41,25,0,0
"4930",31,15,14,16
"4931",13,10,10,4
"4932",47,41,60,48
"4933",50,64,32,37
"4934",26,26,0,0
"4935",39,27,1,1
"4936",20,12,9,12
"4937",112,119,78,57
"4938",99,78,12,6
"4939",185,187,90,73
"4940",44,39,46,23
"4941",13,18,0,0
"4942",27,27,6,8
"4943",0,0,15,7
"4944",13,14,0,0
"4945",4,6,14,8
"4946",27,26,32,19
"4947",88,97,0,0
"4948",9,7,13,7
"4949",18,24,48,36
"4950",52,58,0,1
"4951",22,19,0,0
"4952",18,22,12,16
"4953",371,397,187,180
"4954",7,4,13,14
"4955",290,322,179,154
"4956",1,1,14,20
